Project_ID,Project_Name,Location,Project_Type,Area_sqft,Estimated_Budget_INR,Actual_Cost_INR,Material_Cost_INR,Labour_Cost_INR,Equipment_Cost_INR,Other_Cost_INR,Expected_Duration_Days,Actual_Duration_Days,Delay_Days,Contractor,Project_Status,Start_Date,Expected_End_Date,Actual_End_Date,Budget_Variance_INR,Budget_Overrun_Pct,Cost_Per_Sqft_INR
P0001,Shree Heights,Pune,Residential,9324,24482000,22391000,7879000,4812000,1758000,7942000,326,331,5,Sunrise Constructions,Ongoing,2025-01-31,2025-12-23,2025-12-28,-2091000,-8.54,2401.44
P0002,Galaxy Plaza,Surat,Industrial,81323,167065000,189691000,73217000,53924000,26056000,36494000,738,738,0,Sunrise Constructions,Completed,2025-12-30,2028-01-07,2028-01-07,22626000,13.54,2332.56
P0003,Silver Plaza,Ahmedabad,Industrial,14111,28387000,29747000,9863000,8583000,3231000,8070000,265,385,120,Urban Infra,Ongoing,2024-05-10,2025-01-30,2025-05-30,1360000,4.79,2108.07
P0004,Silver Complex,Ahmedabad,Infrastructure,21389,57478000,57112000,23537000,10285000,7010000,16280000,220,220,0,Apex Developers,Ongoing,2025-07-18,2026-02-23,2026-02-23,-366000,-0.64,2670.16
P0005,Skyline Mall,Gandhinagar,Commercial,127177,402302000,329888000,150622000,82900000,36570000,59796000,360,390,30,GreenStone Projects,Completed,2025-02-04,2026-01-30,2026-03-01,-72414000,-18.0,2593.93
P0006,Crystal Plaza,Ahmedabad,Infrastructure,46427,119935000,118673000,51747000,31605000,12836000,22485000,878,883,5,Sunrise Constructions,Completed,2024-12-31,2027-05-28,2027-06-02,-1262000,-1.05,2556.12
P0007,Metro Business Park,Mumbai,Commercial,127883,385322000,402898000,152160000,102437000,55113000,93188000,282,292,10,MetroBuild,Completed,2024-11-10,2025-08-19,2025-08-29,17576000,4.56,3150.52
P0008,Metro Plaza,Ahmedabad,Commercial,136189,467298000,523114000,174684000,99288000,68251000,180891000,292,307,15,GreenStone Projects,Ongoing,2022-05-02,2023-02-18,2023-03-05,55816000,11.94,3841.09
P0009,Skyline Residency,Ahmedabad,Infrastructure,130808,387252000,467535000,164733000,96372000,50808000,155622000,621,651,30,Apex Developers,Ongoing,2023-04-12,2024-12-23,2025-01-22,80283000,20.73,3574.21
P0010,Galaxy Residency,Ahmedabad,Infrastructure,117221,338251000,427618000,174160000,89817000,33752000,129889000,666,756,90,Patel Construction,Ongoing,2025-05-23,2027-03-20,2027-06-18,89367000,26.42,3647.96
P0011,Shree Business Park,Gandhinagar,Commercial,18234,64012000,74865000,26437000,20948000,5932000,21548000,403,433,30,MetroBuild,Completed,2022-11-27,2024-01-04,2024-02-03,10853000,16.95,4105.79
P0012,Sunrise Heights,Ahmedabad,Infrastructure,58441,168269000,160284000,65241000,37760000,21498000,35785000,478,498,20,Urban Infra,Completed,2026-01-22,2027-05-15,2027-06-04,-7985000,-4.75,2742.66
P0013,Galaxy Business Park,Gandhinagar,Commercial,5846,18758000,18447000,6587000,4398000,2073000,5389000,500,562,62,Shree BuildTech,Delayed,2022-03-29,2023-08-11,2023-10-12,-311000,-1.66,3155.49
P0014,Royal Business Park,Rajkot,Industrial,15954,29551000,32762000,14934000,9573000,3556000,4699000,652,667,15,MetroBuild,Completed,2025-10-28,2027-08-11,2027-08-26,3211000,10.87,2053.53
P0015,Urban Heights,Surat,Infrastructure,84239,261083000,282584000,108389000,72469000,35166000,66560000,282,287,5,Royal Infra,Ongoing,2025-01-28,2025-11-06,2025-11-11,21501000,8.24,3354.55
P0016,Silver Business Park,Vadodara,Industrial,51514,89870000,109228000,39244000,31440000,15151000,23393000,728,748,20,GreenStone Projects,Ongoing,2024-05-21,2026-05-19,2026-06-08,19358000,21.54,2120.36
P0017,Urban Heights,Ahmedabad,Residential,93236,247216000,325714000,146562000,76471000,39187000,63494000,426,546,120,Royal Infra,Completed,2022-05-11,2023-07-11,2023-11-08,78498000,31.75,3493.44
P0018,Silver Plaza,Surat,Industrial,102579,210858000,272442000,102126000,53925000,35697000,80694000,458,578,120,Patel Construction,Completed,2025-08-25,2026-11-26,2027-03-26,61584000,29.21,2655.92
P0019,Sunrise Complex,Gandhinagar,Industrial,142541,251487000,301601000,101892000,87945000,39577000,72187000,174,264,90,MetroBuild,Completed,2024-02-09,2024-08-01,2024-10-30,50114000,19.93,2115.89
P0020,Crystal Heights,Surat,Commercial,47101,154385000,167253000,68785000,39312000,16475000,42681000,452,452,0,Apex Developers,Completed,2022-12-10,2024-03-06,2024-03-06,12868000,8.34,3550.94
P0021,Sunrise Business Park,Ahmedabad,Industrial,69323,143652000,169785000,70130000,34262000,15608000,49785000,246,256,10,Apex Developers,Ongoing,2025-12-08,2026-08-11,2026-08-21,26133000,18.19,2449.19
P0022,Metro Industrial Park,Vadodara,Infrastructure,96922,278383000,339453000,147442000,73419000,45518000,73074000,824,884,60,Patel Construction,Completed,2024-03-16,2026-06-18,2026-08-17,61070000,21.94,3502.33
P0023,Galaxy Residency,Ahmedabad,Commercial,132534,466343000,467427000,167542000,86986000,46824000,166075000,362,482,120,GreenStone Projects,Completed,2023-01-21,2024-01-18,2024-05-17,1084000,0.23,3526.85
P0024,Metro Plaza,Mumbai,Residential,72584,192921000,184448000,72120000,43566000,26241000,42521000,719,779,60,Apex Developers,Ongoing,2025-04-30,2027-04-19,2027-06-18,-8473000,-4.39,2541.17
P0025,Skyline Business Park,Ahmedabad,Infrastructure,109537,304534000,282580000,103192000,79794000,21356000,78238000,528,533,5,MetroBuild,Completed,2024-08-13,2026-01-23,2026-01-28,-21954000,-7.21,2579.77
P0026,Urban Enclave,Vadodara,Residential,83477,196941000,180168000,59987000,52614000,13451000,54116000,622,712,90,Shree BuildTech,Ongoing,2022-10-04,2024-06-17,2024-09-15,-16773000,-8.52,2158.3
P0027,Royal Industrial Park,Ahmedabad,Industrial,47533,99885000,85318000,39268000,24905000,12299000,8846000,846,866,20,MetroBuild,Completed,2025-03-30,2027-07-24,2027-08-13,-14567000,-14.58,1794.92
P0028,Skyline Enclave,Rajkot,Infrastructure,6828,20046000,21048000,9190000,4105000,2565000,5188000,723,768,45,Shree BuildTech,Completed,2023-04-05,2025-03-28,2025-05-12,1002000,5.0,3082.6
P0029,Shree Business Park,Gandhinagar,Infrastructure,6917,17925000,16133000,5941000,3644000,1619000,4929000,422,432,10,Apex Developers,Completed,2025-08-30,2026-10-26,2026-11-05,-1792000,-10.0,2332.37
P0030,Galaxy Industrial Park,Rajkot,Residential,25618,55907000,51769000,21531000,9494000,6751000,13993000,583,588,5,MetroBuild,Completed,2022-01-22,2023-08-28,2023-09-02,-4138000,-7.4,2020.81
P0031,Green Valley Plaza,Mumbai,Infrastructure,37254,106837000,117964000,41547000,33339000,14602000,28476000,354,433,79,Apex Developers,Delayed,2022-09-10,2023-08-30,2023-11-17,11127000,10.41,3166.48
P0032,Royal Heights,Rajkot,Infrastructure,110292,341132000,355389000,164345000,79270000,39980000,71794000,815,825,10,GreenStone Projects,Ongoing,2024-01-18,2026-04-12,2026-04-22,14257000,4.18,3222.26
P0033,Metro Industrial Park,Surat,Infrastructure,52362,159183000,170573000,57719000,43621000,13289000,55944000,157,202,45,Shree BuildTech,Completed,2024-05-06,2024-10-10,2024-11-24,11390000,7.16,3257.57
P0034,Galaxy Residency,Pune,Industrial,25128,50068000,59271000,19003000,15754000,8000000,16514000,258,288,30,GreenStone Projects,Completed,2023-04-20,2024-01-03,2024-02-02,9203000,18.38,2358.76
P0035,Metro Mall,Ahmedabad,Residential,128781,287626000,323218000,129391000,74851000,45018000,73958000,314,319,5,Apex Developers,Completed,2024-12-18,2025-10-28,2025-11-02,35592000,12.37,2509.83
P0036,Urban Residency,Vadodara,Infrastructure,70545,188821000,227013000,93825000,49210000,19018000,64960000,646,736,90,Sunrise Constructions,Completed,2023-05-26,2025-03-02,2025-05-31,38192000,20.23,3217.99
P0037,Skyline Business Park,Ahmedabad,Commercial,87180,304813000,313835000,129499000,92727000,43322000,48287000,888,978,90,Urban Infra,Completed,2026-02-08,2028-07-15,2028-10-13,9022000,2.96,3599.85
P0038,Metro Business Park,Vadodara,Commercial,92958,279682000,339370000,111558000,100365000,47589000,79858000,766,786,20,MetroBuild,Ongoing,2023-12-01,2026-01-05,2026-01-25,59688000,21.34,3650.79
P0039,Urban Plaza,Gandhinagar,Commercial,145937,448905000,477262000,176705000,102484000,54386000,143687000,120,221,101,Sunrise Constructions,Delayed,2024-09-02,2024-12-31,2025-04-11,28357000,6.32,3270.33
P0040,Sunrise Business Park,Rajkot,Commercial,138291,410896000,427432000,170918000,101539000,52358000,102617000,680,740,60,GreenStone Projects,Completed,2022-07-09,2024-05-19,2024-07-18,16536000,4.02,3090.82
P0041,Galaxy Heights,Gandhinagar,Industrial,44809,89287000,106732000,37853000,31672000,10735000,26472000,215,220,5,Royal Infra,Ongoing,2024-08-15,2025-03-18,2025-03-23,17445000,19.54,2381.93
P0042,Galaxy Industrial Park,Ahmedabad,Infrastructure,121748,377601000,345634000,158860000,62416000,31986000,92372000,832,960,128,Apex Developers,Delayed,2023-11-18,2026-02-27,2026-07-05,-31967000,-8.47,2838.93
P0043,Skyline Enclave,Ahmedabad,Residential,10287,23681000,29905000,9986000,6864000,3821000,9234000,532,542,10,Apex Developers,Completed,2024-08-15,2026-01-29,2026-02-08,6224000,26.28,2907.07
P0044,Urban Heights,Ahmedabad,Infrastructure,13512,38007000,37481000,14917000,7198000,5208000,10158000,657,747,90,Urban Infra,Ongoing,2023-07-17,2025-05-04,2025-08-02,-526000,-1.38,2773.9
P0045,Skyline Residency,Ahmedabad,Industrial,137414,271414000,237169000,102131000,57181000,29012000,48845000,548,593,45,Apex Developers,Ongoing,2025-06-21,2026-12-21,2027-02-04,-34245000,-12.62,1725.94
P0046,Urban Industrial Park,Ahmedabad,Commercial,113872,408074000,448237000,162208000,82010000,49722000,154297000,354,474,120,Urban Infra,Completed,2024-04-11,2025-03-31,2025-07-29,40163000,9.84,3936.32
P0047,Galaxy Enclave,Pune,Industrial,98070,171996000,167648000,70392000,38363000,13867000,45026000,468,580,112,MetroBuild,Delayed,2025-02-28,2026-06-11,2026-10-01,-4348000,-2.53,1709.47
P0048,Crystal Enclave,Ahmedabad,Infrastructure,84767,239646000,302696000,137031000,62502000,22483000,80680000,875,890,15,Shree BuildTech,Completed,2023-10-09,2026-03-02,2026-03-17,63050000,26.31,3570.92
P0049,Green Valley Enclave,Mumbai,Residential,102829,243020000,235256000,82446000,57402000,24856000,70552000,600,605,5,Urban Infra,Completed,2022-01-21,2023-09-13,2023-09-18,-7764000,-3.19,2287.84
P0050,Royal Mall,Surat,Industrial,47078,97542000,103173000,48157000,30902000,7629000,16485000,515,515,0,Urban Infra,Ongoing,2024-04-20,2025-09-17,2025-09-17,5631000,5.77,2191.53
P0051,Skyline Complex,Surat,Residential,111288,268350000,227810000,93076000,62890000,26323000,45521000,470,470,0,Sunrise Constructions,Completed,2022-06-16,2023-09-29,2023-09-29,-40540000,-15.11,2047.03
P0052,Green Valley Mall,Ahmedabad,Industrial,88524,155483000,173760000,63922000,48909000,17483000,43446000,535,535,0,Apex Developers,Completed,2025-07-21,2027-01-07,2027-01-07,18277000,11.75,1962.86
P0053,Urban Complex,Ahmedabad,Residential,17219,42961000,39813000,15485000,10201000,5199000,8928000,170,180,10,MetroBuild,Completed,2023-01-23,2023-07-12,2023-07-22,-3148000,-7.33,2312.16
P0054,Galaxy Heights,Pune,Residential,5235,13438000,14825000,5485000,2742000,1400000,5198000,200,215,15,Shree BuildTech,Ongoing,2023-08-24,2024-03-11,2024-03-26,1387000,10.32,2831.9
P0055,Royal Complex,Vadodara,Commercial,47929,138133000,133795000,58337000,27403000,15713000,32342000,155,245,90,Patel Construction,Ongoing,2022-11-12,2023-04-16,2023-07-15,-4338000,-3.14,2791.52
P0056,Skyline Business Park,Ahmedabad,Residential,132309,345793000,283550000,126863000,82515000,32045000,42127000,186,196,10,GreenStone Projects,Ongoing,2022-01-14,2022-07-19,2022-07-29,-62243000,-18.0,2143.09
P0057,Skyline Enclave,Gandhinagar,Commercial,72444,218126000,225922000,102404000,50592000,15900000,57026000,760,884,124,Urban Infra,Delayed,2022-08-30,2024-09-28,2025-01-30,7796000,3.57,3118.57
P0058,Royal Enclave,Ahmedabad,Infrastructure,144639,413678000,426242000,203626000,82024000,32305000,108287000,786,906,120,Patel Construction,Completed,2024-02-16,2026-04-12,2026-08-10,12564000,3.04,2946.94
P0059,Urban Plaza,Ahmedabad,Infrastructure,106834,296585000,333874000,149110000,88239000,31127000,65398000,876,886,10,Apex Developers,Completed,2025-10-01,2028-02-24,2028-03-05,37289000,12.57,3125.17
P0060,Shree Residency,Ahmedabad,Commercial,89555,303290000,365986000,152331000,79029000,51450000,83176000,742,787,45,GreenStone Projects,Ongoing,2023-07-19,2025-07-30,2025-09-13,62696000,20.67,4086.72
P0061,Green Valley Mall,Mumbai,Commercial,78698,247214000,308891000,115610000,65566000,25255000,102460000,799,804,5,Urban Infra,Ongoing,2024-06-16,2026-08-24,2026-08-29,61677000,24.95,3925.02
P0062,Green Valley Complex,Pune,Industrial,129450,268422000,301625000,122802000,90414000,38268000,50141000,600,720,120,Royal Infra,Completed,2025-09-25,2027-05-18,2027-09-15,33203000,12.37,2330.05
P0063,Shree Mall,Ahmedabad,Industrial,141487,285145000,300382000,98096000,85001000,44417000,72868000,587,647,60,Royal Infra,Completed,2022-04-02,2023-11-10,2024-01-09,15237000,5.34,2123.04
P0064,Galaxy Heights,Ahmedabad,Industrial,48925,96908000,82248000,36121000,18831000,10959000,16337000,261,261,0,Patel Construction,Ongoing,2025-10-22,2026-07-10,2026-07-10,-14660000,-15.13,1681.1
P0065,Galaxy Industrial Park,Pune,Infrastructure,142023,427558000,446474000,174729000,132885000,39931000,98929000,475,513,38,Sunrise Constructions,Delayed,2024-08-13,2025-12-01,2026-01-08,18916000,4.42,3143.67
P0066,Metro Mall,Ahmedabad,Industrial,92388,187102000,195670000,63241000,50486000,27916000,54027000,828,828,0,Patel Construction,Ongoing,2026-01-18,2028-04-25,2028-04-25,8568000,4.58,2117.92
P0067,Metro Complex,Gandhinagar,Residential,13007,28342000,28233000,9317000,7596000,2187000,9133000,590,635,45,GreenStone Projects,Completed,2025-12-22,2027-08-04,2027-09-18,-109000,-0.38,2170.6
P0068,Metro Industrial Park,Gandhinagar,Residential,63596,150622000,165075000,63058000,30338000,17738000,53941000,740,806,66,Sunrise Constructions,Delayed,2023-05-24,2025-06-02,2025-08-07,14453000,9.6,2595.68
P0069,Urban Complex,Ahmedabad,Industrial,126101,264696000,305626000,126330000,59473000,43094000,76729000,710,766,56,GreenStone Projects,Delayed,2024-02-15,2026-01-25,2026-03-22,40930000,15.46,2423.66
P0070,Urban Enclave,Rajkot,Residential,93861,208970000,192627000,75948000,49307000,23366000,44006000,792,792,0,Shree BuildTech,Ongoing,2022-02-04,2024-04-06,2024-04-06,-16343000,-7.82,2052.26
P0071,Royal Business Park,Gandhinagar,Infrastructure,91740,272839000,250991000,105183000,72256000,25875000,47677000,558,628,70,Apex Developers,Delayed,2022-07-25,2024-02-03,2024-04-13,-21848000,-8.01,2735.89
P0072,Urban Residency,Ahmedabad,Residential,20524,54893000,55073000,21856000,14035000,5145000,14037000,650,670,20,Royal Infra,Ongoing,2025-01-09,2026-10-21,2026-11-10,180000,0.33,2683.35
P0073,Metro Enclave,Gandhinagar,Infrastructure,136149,347473000,328769000,140014000,64466000,32880000,91409000,246,389,143,MetroBuild,Delayed,2025-11-12,2026-07-16,2026-12-06,-18704000,-5.38,2414.77
P0074,Crystal Industrial Park,Ahmedabad,Commercial,130501,438518000,360922000,128149000,69980000,39960000,122833000,324,438,114,Patel Construction,Delayed,2024-10-22,2025-09-11,2026-01-03,-77596000,-17.7,2765.66
P0075,Skyline Business Park,Ahmedabad,Commercial,25611,82201000,74015000,25021000,20821000,7070000,21103000,148,193,45,Urban Infra,Ongoing,2024-10-18,2025-03-15,2025-04-29,-8186000,-9.96,2889.97
P0076,Shree Plaza,Ahmedabad,Commercial,19060,62664000,54651000,22704000,10751000,8062000,13134000,564,574,10,GreenStone Projects,Ongoing,2025-11-14,2027-06-01,2027-06-11,-8013000,-12.79,2867.31
P0077,Green Valley Plaza,Ahmedabad,Commercial,48303,142015000,165449000,65774000,40109000,23932000,35634000,838,838,0,GreenStone Projects,Completed,2023-07-20,2025-11-04,2025-11-04,23434000,16.5,3425.23
P0078,Sunrise Plaza,Pune,Residential,44711,97591000,119484000,38749000,22039000,16686000,42010000,583,583,0,Apex Developers,Ongoing,2025-02-03,2026-09-09,2026-09-09,21893000,22.43,2672.36
P0079,Galaxy Heights,Ahmedabad,Industrial,148026,294387000,261577000,99629000,49616000,27138000,85194000,399,519,120,Patel Construction,Ongoing,2023-12-04,2025-01-06,2025-05-06,-32810000,-11.15,1767.1
P0080,Royal Business Park,Ahmedabad,Residential,78340,203269000,220654000,74356000,57520000,27649000,61129000,270,397,127,Urban Infra,Delayed,2023-02-06,2023-11-03,2024-03-09,17385000,8.55,2816.62
P0081,Skyline Mall,Surat,Infrastructure,107974,324108000,364564000,147655000,95772000,51851000,69286000,359,374,15,Urban Infra,Completed,2023-12-31,2024-12-24,2025-01-08,40456000,12.48,3376.41
P0082,Crystal Enclave,Ahmedabad,Residential,145256,355460000,298916000,114582000,66053000,41261000,77020000,385,390,5,GreenStone Projects,Ongoing,2022-06-11,2023-07-01,2023-07-06,-56544000,-15.91,2057.86
P0083,Green Valley Residency,Vadodara,Residential,72728,160927000,167254000,69930000,34433000,17252000,45639000,813,843,30,MetroBuild,Completed,2022-07-21,2024-10-11,2024-11-10,6327000,3.93,2299.72
P0084,Green Valley Enclave,Vadodara,Infrastructure,16246,47826000,63323000,28425000,17581000,5002000,12315000,224,314,90,GreenStone Projects,Ongoing,2024-09-22,2025-05-04,2025-08-02,15497000,32.4,3897.76
P0085,Green Valley Business Park,Surat,Commercial,132796,405066000,446082000,164135000,91916000,33925000,156106000,552,642,90,MetroBuild,Ongoing,2022-09-27,2024-04-01,2024-06-30,41016000,10.13,3359.15
P0086,Metro Industrial Park,Mumbai,Commercial,97263,342501000,339269000,160792000,83136000,39411000,55930000,616,706,90,GreenStone Projects,Completed,2024-03-26,2025-12-02,2026-03-02,-3232000,-0.94,3488.16
P0087,Urban Complex,Gandhinagar,Commercial,140090,486132000,463176000,187911000,137186000,56234000,81845000,559,569,10,GreenStone Projects,Ongoing,2025-07-18,2027-01-28,2027-02-07,-22956000,-4.72,3306.27
P0088,Silver Business Park,Pune,Industrial,16302,32710000,26822000,11236000,5304000,3701000,6581000,867,867,0,Urban Infra,Completed,2023-04-01,2025-08-15,2025-08-15,-5888000,-18.0,1645.32
P0089,Urban Heights,Rajkot,Infrastructure,72506,225094000,242304000,103926000,70972000,22631000,44775000,804,849,45,MetroBuild,Completed,2026-01-25,2028-04-08,2028-05-23,17210000,7.65,3341.85
P0090,Skyline Plaza,Rajkot,Infrastructure,46157,117209000,146949000,62700000,29676000,12255000,42318000,277,277,0,Urban Infra,Ongoing,2025-06-29,2026-04-02,2026-04-02,29740000,25.37,3183.68
P0091,Shree Enclave,Pune,Residential,59917,152711000,140857000,56590000,34946000,14131000,35190000,291,306,15,Patel Construction,Completed,2024-10-13,2025-07-31,2025-08-15,-11854000,-7.76,2350.87
P0092,Royal Plaza,Ahmedabad,Industrial,101646,187846000,154034000,59858000,34695000,15139000,44342000,613,613,0,GreenStone Projects,Completed,2022-10-23,2024-06-27,2024-06-27,-33812000,-18.0,1515.4
P0093,Skyline Residency,Surat,Commercial,88122,310002000,291493000,95786000,86221000,23494000,85992000,430,430,0,Shree BuildTech,Completed,2023-12-21,2025-02-23,2025-02-23,-18509000,-5.97,3307.83
P0094,Silver Heights,Surat,Industrial,29519,53768000,60532000,19584000,12883000,7493000,20572000,522,582,60,MetroBuild,Completed,2022-12-04,2024-05-09,2024-07-08,6764000,12.58,2050.61
P0095,Metro Plaza,Ahmedabad,Infrastructure,85910,254853000,246846000,93129000,56271000,27325000,70121000,788,798,10,Sunrise Constructions,Ongoing,2024-05-28,2026-07-25,2026-08-04,-8007000,-3.14,2873.31
P0096,Sunrise Residency,Ahmedabad,Infrastructure,125430,383895000,353776000,132095000,105405000,45174000,71102000,889,949,60,Royal Infra,Completed,2024-12-12,2027-05-20,2027-07-19,-30119000,-7.85,2820.51
P0097,Metro Residency,Ahmedabad,Residential,76324,166539000,170253000,65042000,41606000,16721000,46884000,795,921,126,Sunrise Constructions,Delayed,2024-03-02,2026-05-06,2026-09-09,3714000,2.23,2230.66
P0098,Royal Residency,Vadodara,Residential,10408,24667000,25840000,8841000,6210000,2482000,8307000,778,838,60,Sunrise Constructions,Completed,2022-08-05,2024-09-21,2024-11-20,1173000,4.76,2482.71
P0099,Silver Plaza,Rajkot,Infrastructure,64379,192466000,164249000,71959000,34646000,17707000,39937000,785,815,30,Shree BuildTech,Completed,2024-02-03,2026-03-29,2026-04-28,-28217000,-14.66,2551.28
P0100,Green Valley Residency,Gandhinagar,Commercial,30053,96178000,95594000,43697000,25252000,13402000,13243000,582,702,120,Urban Infra,Completed,2022-07-07,2024-02-09,2024-06-08,-584000,-0.61,3180.85
P0101,Green Valley Plaza,Ahmedabad,Commercial,145518,446470000,428758000,201600000,77916000,31395000,117847000,486,531,45,Urban Infra,Ongoing,2023-01-15,2024-05-15,2024-06-29,-17712000,-3.97,2946.43
P0102,Sunrise Enclave,Ahmedabad,Industrial,136994,246847000,232799000,92835000,43287000,31285000,65392000,669,684,15,Royal Infra,Ongoing,2023-05-08,2025-03-07,2025-03-22,-14048000,-5.69,1699.34
P0103,Green Valley Residency,Ahmedabad,Infrastructure,103723,269785000,242255000,104688000,61030000,24109000,52428000,762,890,128,Royal Infra,Delayed,2024-11-30,2027-01-01,2027-05-09,-27530000,-10.2,2335.6
P0104,Urban Business Park,Ahmedabad,Infrastructure,56356,171773000,194610000,88915000,43009000,26928000,35758000,374,419,45,Apex Developers,Ongoing,2025-03-26,2026-04-04,2026-05-19,22837000,13.29,3453.23
P0105,Royal Complex,Ahmedabad,Commercial,15789,51868000,48895000,18919000,14395000,6561000,9020000,327,357,30,Royal Infra,Completed,2022-01-15,2022-12-08,2023-01-07,-2973000,-5.73,3096.78
P0106,Royal Industrial Park,Rajkot,Commercial,102720,301357000,247113000,91310000,71263000,24193000,60347000,569,614,45,Sunrise Constructions,Ongoing,2022-03-06,2023-09-26,2023-11-10,-54244000,-18.0,2405.7
P0107,Shree Business Park,Rajkot,Infrastructure,71656,197460000,207672000,97580000,55167000,26065000,28860000,214,348,134,Sunrise Constructions,Delayed,2023-06-05,2024-01-05,2024-05-18,10212000,5.17,2898.18
P0108,Royal Residency,Gandhinagar,Residential,49028,115420000,127773000,51430000,35544000,10576000,30223000,597,602,5,Urban Infra,Completed,2025-09-29,2027-05-19,2027-05-24,12353000,10.7,2606.12
P0109,Royal Mall,Surat,Infrastructure,69484,182879000,169068000,67553000,43971000,23957000,33587000,802,847,45,Sunrise Constructions,Completed,2025-02-26,2027-05-09,2027-06-23,-13811000,-7.55,2433.19
P0110,Skyline Plaza,Ahmedabad,Infrastructure,37154,103595000,98710000,34405000,19255000,10104000,34946000,881,901,20,Urban Infra,Ongoing,2023-10-10,2026-03-09,2026-03-29,-4885000,-4.72,2656.78
P0111,Shree Plaza,Mumbai,Commercial,7336,22843000,21521000,7259000,5851000,2291000,6120000,309,319,10,GreenStone Projects,Completed,2026-02-04,2026-12-10,2026-12-20,-1322000,-5.79,2933.62
P0112,Royal Mall,Pune,Commercial,108677,339141000,331816000,150889000,68096000,41962000,70869000,830,951,121,GreenStone Projects,Delayed,2024-12-22,2027-04-01,2027-07-31,-7325000,-2.16,3053.23
P0113,Royal Complex,Gandhinagar,Residential,72779,185601000,213965000,89493000,46818000,29028000,48626000,603,603,0,Urban Infra,Completed,2025-03-08,2026-11-01,2026-11-01,28364000,15.28,2939.93
P0114,Silver Mall,Rajkot,Residential,24029,54735000,55081000,20497000,15329000,4897000,14358000,852,852,0,MetroBuild,Completed,2023-08-16,2025-12-15,2025-12-15,346000,0.63,2292.27
P0115,Sunrise Residency,Ahmedabad,Industrial,64201,127009000,142345000,49917000,34787000,17495000,40146000,655,767,112,Urban Infra,Delayed,2023-01-27,2024-11-12,2025-03-04,15336000,12.07,2217.18
P0116,Galaxy Business Park,Surat,Infrastructure,37265,107007000,96707000,39542000,27387000,9802000,19976000,875,973,98,Patel Construction,Delayed,2023-02-23,2025-07-17,2025-10-23,-10300000,-9.63,2595.12
P0117,Green Valley Industrial Park,Pune,Commercial,107916,353958000,344740000,142525000,70866000,34300000,97049000,542,572,30,Patel Construction,Completed,2022-10-16,2024-04-10,2024-05-10,-9218000,-2.6,3194.52
P0118,Royal Industrial Park,Ahmedabad,Residential,51197,128508000,145790000,51481000,36875000,18253000,39181000,759,793,34,Patel Construction,Delayed,2023-01-14,2025-02-11,2025-03-17,17282000,13.45,2847.63
P0119,Silver Plaza,Gandhinagar,Industrial,130733,253521000,234083000,106794000,44489000,23636000,59164000,724,844,120,Patel Construction,Completed,2022-08-19,2024-08-12,2024-12-10,-19438000,-7.67,1790.54
P0120,Sunrise Heights,Ahmedabad,Industrial,76907,159776000,182377000,60820000,46901000,17816000,56840000,252,312,60,Shree BuildTech,Completed,2024-10-14,2025-06-23,2025-08-22,22601000,14.15,2371.4
P0121,Sunrise Residency,Mumbai,Commercial,133876,449235000,424345000,159967000,115211000,58081000,91086000,174,264,90,Apex Developers,Delayed,2022-02-10,2022-08-03,2022-11-01,-24890000,-5.54,3169.69
P0122,Green Valley Complex,Ahmedabad,Commercial,69435,226710000,222493000,95419000,55666000,17377000,54031000,629,639,10,Apex Developers,Ongoing,2024-11-17,2026-08-08,2026-08-18,-4217000,-1.86,3204.33
P0123,Crystal Heights,Pune,Industrial,45631,93856000,114544000,41678000,24277000,14212000,34377000,789,789,0,Urban Infra,Completed,2022-05-15,2024-07-12,2024-07-12,20688000,22.04,2510.22
P0124,Royal Plaza,Pune,Residential,134038,332420000,321683000,145538000,59113000,28919000,88113000,660,780,120,GreenStone Projects,Completed,2022-07-20,2024-05-10,2024-09-07,-10737000,-3.23,2399.94
P0125,Metro Residency,Gandhinagar,Industrial,25103,45981000,47703000,20912000,9270000,3398000,14123000,529,619,90,Sunrise Constructions,Ongoing,2024-02-19,2025-08-01,2025-10-30,1722000,3.75,1900.29
P0126,Crystal Mall,Pune,Infrastructure,69772,184726000,202085000,90179000,51466000,16842000,43598000,330,450,120,Patel Construction,Completed,2024-07-18,2025-06-13,2025-10-11,17359000,9.4,2896.36
P0127,Shree Mall,Ahmedabad,Infrastructure,131108,342695000,358864000,121675000,104835000,42537000,89817000,785,830,45,Apex Developers,Ongoing,2024-11-22,2027-01-16,2027-03-02,16169000,4.72,2737.16
P0128,Skyline Mall,Ahmedabad,Commercial,19382,68093000,71539000,24501000,14650000,9066000,23322000,412,412,0,Apex Developers,Ongoing,2024-12-07,2026-01-23,2026-01-23,3446000,5.06,3691.0
P0129,Urban Heights,Ahmedabad,Residential,89291,226348000,229339000,83900000,61509000,16440000,67490000,853,853,0,Patel Construction,Completed,2023-05-18,2025-09-17,2025-09-17,2991000,1.32,2568.44
P0130,Crystal Plaza,Ahmedabad,Residential,106195,281941000,243521000,98113000,69154000,17756000,58498000,234,234,0,GreenStone Projects,Ongoing,2023-02-11,2023-10-03,2023-10-03,-38420000,-13.63,2293.15
P0131,Urban Business Park,Ahmedabad,Infrastructure,139828,404331000,429317000,188763000,104112000,61050000,75392000,789,930,141,Shree BuildTech,Delayed,2024-03-15,2026-05-13,2026-10-01,24986000,6.18,3070.32
P0132,Crystal Complex,Mumbai,Industrial,25609,48859000,45542000,20669000,11855000,3455000,9563000,378,498,120,Shree BuildTech,Completed,2022-04-09,2023-04-22,2023-08-20,-3317000,-6.79,1778.36
P0133,Silver Heights,Pune,Commercial,80683,235759000,262421000,113548000,72901000,37142000,38830000,882,882,0,Royal Infra,Completed,2023-11-15,2026-04-15,2026-04-15,26662000,11.31,3252.49
P0134,Green Valley Complex,Ahmedabad,Industrial,129714,258228000,305909000,143341000,64633000,26997000,70938000,241,286,45,Apex Developers,Completed,2023-12-27,2024-08-24,2024-10-08,47681000,18.46,2358.33
P0135,Green Valley Residency,Rajkot,Industrial,135330,264349000,216766000,94987000,46741000,28006000,47032000,418,538,120,Royal Infra,Ongoing,2024-08-18,2025-10-10,2026-02-07,-47583000,-18.0,1601.76
P0136,Crystal Mall,Ahmedabad,Industrial,76315,162086000,192049000,70867000,34583000,18202000,68397000,894,954,60,Shree BuildTech,Delayed,2023-09-05,2026-02-15,2026-04-16,29963000,18.49,2516.53
P0137,Green Valley Mall,Mumbai,Residential,82834,189381000,183827000,66621000,54334000,25497000,37375000,500,520,20,MetroBuild,Completed,2026-01-25,2027-06-09,2027-06-29,-5554000,-2.93,2219.22
P0138,Green Valley Industrial Park,Surat,Infrastructure,131205,373532000,375133000,161829000,108828000,47280000,57196000,680,710,30,Patel Construction,Completed,2023-10-05,2025-08-15,2025-09-14,1601000,0.43,2859.14
P0139,Green Valley Enclave,Ahmedabad,Residential,19153,47953000,43662000,15319000,11865000,4460000,12018000,620,620,0,GreenStone Projects,Completed,2024-10-25,2026-07-07,2026-07-07,-4291000,-8.95,2279.64
P0140,Shree Heights,Rajkot,Infrastructure,81325,237231000,247341000,82818000,46868000,18824000,98831000,416,431,15,Apex Developers,Ongoing,2025-05-26,2026-07-16,2026-07-31,10110000,4.26,3041.39
P0141,Green Valley Complex,Ahmedabad,Commercial,149071,488230000,501909000,203351000,117296000,64554000,116708000,481,541,60,Patel Construction,Completed,2023-05-18,2024-09-10,2024-11-09,13679000,2.8,3366.91
P0142,Crystal Residency,Vadodara,Commercial,60318,206707000,237554000,107247000,45664000,28352000,56291000,708,809,101,Shree BuildTech,Delayed,2024-02-06,2026-01-14,2026-04-25,30847000,14.92,3938.36
P0143,Sunrise Industrial Park,Vadodara,Industrial,136886,245804000,228852000,76945000,41631000,16073000,94203000,582,582,0,Patel Construction,Completed,2023-02-02,2024-09-06,2024-09-06,-16952000,-6.9,1671.84
P0144,Royal Complex,Vadodara,Infrastructure,120033,356136000,434235000,193974000,110270000,30724000,99267000,557,572,15,Shree BuildTech,Ongoing,2024-05-20,2025-11-28,2025-12-13,78099000,21.93,3617.63
P0145,Shree Business Park,Surat,Infrastructure,81077,235266000,258737000,116393000,76405000,34853000,31086000,246,246,0,GreenStone Projects,Ongoing,2024-03-05,2024-11-06,2024-11-06,23471000,9.98,3191.25
P0146,Shree Enclave,Rajkot,Infrastructure,95474,293294000,302362000,120087000,87184000,27440000,67651000,316,406,90,Shree BuildTech,Ongoing,2023-01-28,2023-12-10,2024-03-09,9068000,3.09,3166.96
P0147,Royal Plaza,Mumbai,Industrial,138515,285913000,285429000,93955000,75242000,34506000,81726000,340,340,0,Patel Construction,Completed,2022-07-26,2023-07-01,2023-07-01,-484000,-0.17,2060.64
P0148,Silver Complex,Gandhinagar,Industrial,78319,144243000,141821000,49344000,27172000,15081000,50224000,210,210,0,GreenStone Projects,Ongoing,2024-11-04,2025-06-02,2025-06-02,-2422000,-1.68,1810.81
P0149,Crystal Residency,Vadodara,Commercial,130885,402402000,398796000,172754000,84904000,55462000,85676000,530,590,60,Shree BuildTech,Completed,2024-06-10,2025-11-22,2026-01-21,-3606000,-0.9,3046.92
P0150,Urban Industrial Park,Gandhinagar,Residential,114777,307409000,319769000,138743000,69840000,45841000,65345000,127,217,90,Royal Infra,Completed,2026-01-24,2026-05-31,2026-08-29,12360000,4.02,2786.0
P0151,Galaxy Mall,Surat,Infrastructure,22368,63632000,63309000,29359000,17193000,9480000,7277000,663,753,90,MetroBuild,Ongoing,2024-05-13,2026-03-07,2026-06-05,-323000,-0.51,2830.34
P0152,Galaxy Business Park,Gandhinagar,Infrastructure,96751,297834000,280898000,116075000,77604000,23116000,64103000,587,647,60,Urban Infra,Ongoing,2024-01-13,2025-08-22,2025-10-21,-16936000,-5.69,2903.31
P0153,Metro Complex,Pune,Residential,32306,72576000,75547000,25675000,17090000,10504000,22278000,439,529,90,Patel Construction,Completed,2025-06-18,2026-08-31,2026-11-29,2971000,4.09,2338.48
P0154,Crystal Residency,Surat,Infrastructure,42219,123110000,113218000,38429000,26057000,10335000,38397000,513,543,30,Urban Infra,Completed,2023-07-18,2024-12-12,2025-01-11,-9892000,-8.04,2681.68
P0155,Sunrise Residency,Gandhinagar,Industrial,65279,133725000,141574000,61639000,26239000,16602000,37094000,388,398,10,Patel Construction,Ongoing,2024-10-17,2025-11-09,2025-11-19,7849000,5.87,2168.75
P0156,Royal Complex,Ahmedabad,Industrial,58028,122208000,121381000,42411000,26060000,13408000,39502000,310,315,5,Shree BuildTech,Ongoing,2022-04-06,2023-02-10,2023-02-15,-827000,-0.68,2091.77
P0157,Green Valley Complex,Vadodara,Infrastructure,109263,298048000,328928000,122539000,77020000,23498000,105871000,794,839,45,Shree BuildTech,Completed,2023-04-30,2025-07-02,2025-08-16,30880000,10.36,3010.42
P0158,Royal Residency,Ahmedabad,Industrial,5126,10319000,11750000,4676000,2280000,1699000,3095000,180,225,45,GreenStone Projects,Ongoing,2025-12-01,2026-05-30,2026-07-14,1431000,13.87,2292.24
P0159,Metro Mall,Ahmedabad,Industrial,57329,110944000,126325000,40925000,29610000,9634000,46156000,557,557,0,Apex Developers,Completed,2022-08-19,2024-02-27,2024-02-27,15381000,13.86,2203.51
P0160,Metro Complex,Surat,Infrastructure,32632,83451000,88306000,31773000,24936000,11043000,20554000,383,383,0,MetroBuild,Ongoing,2024-01-19,2025-02-05,2025-02-05,4855000,5.82,2706.12
P0161,Royal Mall,Ahmedabad,Commercial,114945,386877000,414802000,159808000,103600000,55086000,96308000,214,362,148,Royal Infra,Delayed,2025-04-09,2025-11-09,2026-04-06,27925000,7.22,3608.7
P0162,Sunrise Complex,Ahmedabad,Residential,60176,151907000,149062000,54369000,28243000,19918000,46532000,672,682,10,Apex Developers,Completed,2023-06-25,2025-04-27,2025-05-07,-2845000,-1.87,2477.1
P0163,Urban Residency,Mumbai,Industrial,139869,293584000,323329000,110520000,65636000,26138000,121035000,589,609,20,Urban Infra,Ongoing,2024-11-25,2026-07-07,2026-07-27,29745000,10.13,2311.66
P0164,Galaxy Industrial Park,Surat,Commercial,149790,483838000,539412000,235444000,127811000,57073000,119084000,780,780,0,Shree BuildTech,Completed,2023-06-09,2025-07-28,2025-07-28,55574000,11.49,3601.12
P0165,Green Valley Mall,Surat,Industrial,39560,71455000,59445000,26756000,13279000,8106000,11304000,835,955,120,Apex Developers,Ongoing,2025-03-29,2027-07-12,2027-11-09,-12010000,-16.81,1502.65
P0166,Green Valley Residency,Gandhinagar,Industrial,81589,141037000,150261000,54274000,33515000,14157000,48315000,898,958,60,Shree BuildTech,Ongoing,2025-06-20,2027-12-05,2028-02-03,9224000,6.54,1841.68
P0167,Royal Business Park,Surat,Residential,27116,64521000,76404000,33916000,18605000,8207000,15676000,633,764,131,Patel Construction,Delayed,2025-01-14,2026-10-09,2027-02-17,11883000,18.42,2817.67
P0168,Shree Residency,Vadodara,Industrial,137717,252876000,247122000,94324000,61812000,22692000,68294000,809,819,10,Apex Developers,Completed,2023-08-01,2025-10-18,2025-10-28,-5754000,-2.28,1794.42
P0169,Galaxy Residency,Rajkot,Residential,129085,330697000,314511000,126141000,86687000,33679000,68004000,313,403,90,Urban Infra,Completed,2023-11-13,2024-09-21,2024-12-20,-16186000,-4.89,2436.46
P0170,Skyline Enclave,Rajkot,Residential,122718,288026000,279275000,127618000,61696000,39385000,50576000,601,721,120,GreenStone Projects,Completed,2023-07-11,2025-03-03,2025-07-01,-8751000,-3.04,2275.75
P0171,Galaxy Industrial Park,Mumbai,Residential,24256,64548000,54183000,23840000,14990000,5766000,9587000,455,495,40,Apex Developers,Delayed,2024-10-09,2026-01-07,2026-02-16,-10365000,-16.06,2233.8
P0172,Crystal Heights,Pune,Commercial,105158,374096000,387234000,173798000,85437000,44328000,83671000,554,614,60,Shree BuildTech,Ongoing,2023-10-08,2025-04-14,2025-06-13,13138000,3.51,3682.4
P0173,Skyline Complex,Ahmedabad,Infrastructure,124719,361994000,370536000,126684000,69161000,37913000,136778000,315,435,120,Sunrise Constructions,Ongoing,2024-03-06,2025-01-15,2025-05-15,8542000,2.36,2970.97
P0174,Royal Heights,Pune,Commercial,73244,258828000,270124000,89453000,66586000,28852000,85233000,368,488,120,Sunrise Constructions,Completed,2024-11-17,2025-11-20,2026-03-20,11296000,4.36,3688.0
P0175,Silver Mall,Vadodara,Infrastructure,147766,441626000,472503000,218743000,118385000,33649000,101726000,617,716,99,GreenStone Projects,Delayed,2025-09-25,2027-06-04,2027-09-11,30877000,6.99,3197.64
P0176,Galaxy Plaza,Vadodara,Infrastructure,61264,175023000,161763000,61802000,47258000,14995000,37708000,331,331,0,GreenStone Projects,Ongoing,2025-09-16,2026-08-13,2026-08-13,-13260000,-7.58,2640.43
P0177,Galaxy Industrial Park,Ahmedabad,Residential,62545,141052000,148497000,54359000,39668000,15581000,38889000,784,829,45,MetroBuild,Ongoing,2025-10-03,2027-11-26,2028-01-10,7445000,5.28,2374.24
P0178,Shree Mall,Rajkot,Industrial,44224,84101000,90256000,39347000,26186000,10894000,13829000,789,794,5,GreenStone Projects,Completed,2026-02-05,2028-04-04,2028-04-09,6155000,7.32,2040.88
P0179,Galaxy Mall,Ahmedabad,Residential,102945,252848000,243086000,110319000,70252000,25768000,36747000,585,590,5,Shree BuildTech,Completed,2025-06-08,2027-01-14,2027-01-19,-9762000,-3.86,2361.32
P0180,Skyline Industrial Park,Ahmedabad,Industrial,18224,37744000,40402000,18504000,10203000,3920000,7775000,770,790,20,Royal Infra,Ongoing,2022-07-09,2024-08-17,2024-09-06,2658000,7.04,2216.97
P0181,Metro Business Park,Surat,Infrastructure,45738,128821000,132645000,49153000,32277000,13403000,37812000,340,400,60,Patel Construction,Ongoing,2025-06-02,2026-05-08,2026-07-07,3824000,2.97,2900.1
P0182,Galaxy Industrial Park,Ahmedabad,Residential,68731,181036000,170945000,78011000,42205000,15280000,35449000,392,452,60,Apex Developers,Completed,2025-11-09,2026-12-06,2027-02-04,-10091000,-5.57,2487.16
P0183,Silver Plaza,Ahmedabad,Industrial,144649,288123000,303663000,99161000,90309000,43715000,70478000,273,273,0,GreenStone Projects,Ongoing,2025-11-01,2026-08-01,2026-08-01,15540000,5.39,2099.31
P0184,Shree Enclave,Pune,Commercial,13070,38902000,38323000,12568000,10454000,4282000,11019000,368,368,0,Sunrise Constructions,Completed,2025-07-30,2026-08-02,2026-08-02,-579000,-1.49,2932.13
P0185,Galaxy Heights,Ahmedabad,Industrial,131161,278835000,307736000,129176000,59317000,21872000,97371000,398,398,0,Patel Construction,Ongoing,2023-09-25,2024-10-27,2024-10-27,28901000,10.36,2346.25
P0186,Metro Business Park,Ahmedabad,Residential,13666,33323000,33033000,10904000,9032000,2364000,10733000,559,574,15,Royal Infra,Ongoing,2023-09-20,2025-04-01,2025-04-16,-290000,-0.87,2417.17
P0187,Skyline Business Park,Ahmedabad,Commercial,62761,198065000,171371000,63739000,34354000,25335000,47943000,395,395,0,Shree BuildTech,Completed,2024-08-30,2025-09-29,2025-09-29,-26694000,-13.48,2730.53
P0188,Royal Complex,Ahmedabad,Industrial,41368,82137000,86411000,36953000,20193000,7580000,21685000,633,723,90,Patel Construction,Ongoing,2025-07-06,2027-03-31,2027-06-29,4274000,5.2,2088.84
P0189,Silver Heights,Ahmedabad,Industrial,142855,250784000,262703000,98241000,53921000,35320000,75221000,207,217,10,Shree BuildTech,Completed,2025-10-14,2026-05-09,2026-05-19,11919000,4.75,1838.95
P0190,Shree Heights,Vadodara,Industrial,46914,92705000,82532000,28782000,21685000,6162000,25903000,761,766,5,Royal Infra,Completed,2023-12-11,2026-01-10,2026-01-15,-10173000,-10.97,1759.22
P0191,Metro Enclave,Ahmedabad,Industrial,132738,254626000,282651000,103172000,80634000,40615000,58230000,624,738,114,Royal Infra,Delayed,2026-01-19,2027-10-05,2028-01-27,28025000,11.01,2129.39
P0192,Silver Enclave,Vadodara,Industrial,72526,136348000,150499000,59178000,32334000,21063000,37924000,709,739,30,MetroBuild,Completed,2025-12-05,2027-11-14,2027-12-14,14151000,10.38,2075.1
P0193,Royal Enclave,Ahmedabad,Commercial,24956,88617000,81138000,32136000,15403000,9387000,24212000,891,951,60,Apex Developers,Completed,2023-10-11,2026-03-20,2026-05-19,-7479000,-8.44,3251.24
P0194,Urban Complex,Mumbai,Infrastructure,51240,145618000,137004000,61005000,29568000,9689000,36742000,360,360,0,Patel Construction,Completed,2022-11-14,2023-11-09,2023-11-09,-8614000,-5.92,2673.77
P0195,Crystal Industrial Park,Vadodara,Commercial,126008,382341000,383472000,168737000,99965000,34752000,80018000,772,787,15,Royal Infra,Completed,2025-06-02,2027-07-14,2027-07-29,1131000,0.3,3043.24
P0196,Royal Heights,Ahmedabad,Commercial,99270,317973000,295377000,116110000,64821000,30290000,84156000,859,879,20,Apex Developers,Completed,2025-06-11,2027-10-18,2027-11-07,-22596000,-7.11,2975.49
P0197,Sunrise Residency,Vadodara,Commercial,9757,34415000,37748000,17187000,8054000,4032000,8475000,794,814,20,Patel Construction,Completed,2023-11-15,2026-01-17,2026-02-06,3333000,9.68,3868.81
P0198,Royal Enclave,Mumbai,Infrastructure,24097,63338000,65737000,22237000,13288000,6167000,24045000,355,355,0,Shree BuildTech,Ongoing,2023-10-26,2024-10-15,2024-10-15,2399000,3.79,2728.02
P0199,Galaxy Complex,Pune,Residential,146467,332915000,295886000,106772000,70924000,21492000,96698000,247,247,0,Royal Infra,Completed,2025-10-29,2026-07-03,2026-07-03,-37029000,-11.12,2020.15
P0200,Crystal Complex,Surat,Infrastructure,108892,275282000,253618000,114756000,54050000,29727000,55085000,622,742,120,Shree BuildTech,Ongoing,2026-02-04,2027-10-19,2028-02-16,-21664000,-7.87,2329.08
P0201,Royal Residency,Ahmedabad,Commercial,75480,218136000,253589000,96485000,67891000,28385000,60828000,319,379,60,Patel Construction,Completed,2025-06-10,2026-04-25,2026-06-24,35453000,16.25,3359.68
P0202,Metro Complex,Surat,Industrial,51163,105226000,126720000,60444000,23975000,11739000,30562000,662,722,60,MetroBuild,Completed,2025-02-10,2026-12-04,2027-02-02,21494000,20.43,2476.79
P0203,Shree Residency,Ahmedabad,Industrial,24816,50030000,54265000,21413000,14092000,3963000,14797000,621,626,5,Shree BuildTech,Completed,2023-03-18,2024-11-28,2024-12-03,4235000,8.46,2186.69
P0204,Skyline Residency,Ahmedabad,Commercial,57853,181077000,180108000,80456000,37554000,26938000,35160000,769,821,52,Urban Infra,Delayed,2023-07-18,2025-08-25,2025-10-16,-969000,-0.54,3113.2
P0205,Metro Enclave,Rajkot,Industrial,101731,203655000,196976000,75711000,47021000,21383000,52861000,611,611,0,Urban Infra,Ongoing,2025-07-15,2027-03-18,2027-03-18,-6679000,-3.28,1936.24
P0206,Crystal Residency,Ahmedabad,Commercial,67823,214200000,232613000,90252000,49856000,30351000,62154000,140,140,0,Apex Developers,Ongoing,2025-11-10,2026-03-30,2026-03-30,18413000,8.6,3429.71
P0207,Urban Enclave,Ahmedabad,Industrial,6759,14250000,14665000,5591000,3912000,1557000,3605000,353,373,20,GreenStone Projects,Completed,2025-11-11,2026-10-30,2026-11-19,415000,2.91,2169.7
P0208,Shree Business Park,Pune,Infrastructure,97374,303389000,250839000,109128000,73605000,18425000,49681000,833,911,78,Urban Infra,Delayed,2025-02-10,2027-05-24,2027-08-10,-52550000,-17.32,2576.04
P0209,Galaxy Business Park,Rajkot,Residential,138554,328012000,375188000,152928000,108823000,35556000,77881000,762,822,60,Urban Infra,Completed,2024-08-09,2026-09-10,2026-11-09,47176000,14.38,2707.88
P0210,Crystal Residency,Rajkot,Residential,29442,76874000,90826000,42779000,22708000,8684000,16655000,535,535,0,MetroBuild,Completed,2025-01-09,2026-06-28,2026-06-28,13952000,18.15,3084.91
P0211,Crystal Enclave,Ahmedabad,Infrastructure,98501,295131000,327144000,117818000,77047000,44841000,87438000,267,387,120,MetroBuild,Ongoing,2023-11-30,2024-08-23,2024-12-21,32013000,10.85,3321.23
P0212,Shree Mall,Ahmedabad,Infrastructure,7079,19191000,17061000,5734000,4746000,2087000,4494000,148,148,0,GreenStone Projects,Completed,2022-04-23,2022-09-18,2022-09-18,-2130000,-11.1,2410.09
P0213,Sunrise Mall,Ahmedabad,Commercial,138789,422384000,398553000,152615000,104421000,36681000,104836000,480,611,131,Sunrise Constructions,Delayed,2022-01-02,2023-04-27,2023-09-05,-23831000,-5.64,2871.65
P0214,Royal Business Park,Rajkot,Commercial,64676,207131000,169847000,71111000,34314000,25039000,39383000,427,427,0,GreenStone Projects,Completed,2023-10-04,2024-12-04,2024-12-04,-37284000,-18.0,2626.12
P0215,Urban Residency,Ahmedabad,Commercial,95397,327218000,396433000,181458000,110411000,37948000,66616000,281,413,132,Sunrise Constructions,Delayed,2022-08-08,2023-05-16,2023-09-25,69215000,21.15,4155.61
P0216,Shree Heights,Vadodara,Industrial,77847,164362000,160613000,60293000,37176000,24069000,39075000,180,200,20,MetroBuild,Ongoing,2024-05-04,2024-10-31,2024-11-20,-3749000,-2.28,2063.19
P0217,Metro Heights,Vadodara,Commercial,98607,336995000,438092000,186016000,88792000,65579000,97705000,244,249,5,Sunrise Constructions,Ongoing,2025-06-02,2026-02-01,2026-02-06,101097000,30.0,4442.81
P0218,Skyline Enclave,Mumbai,Infrastructure,69077,210464000,264054000,99293000,56459000,22523000,85779000,575,665,90,MetroBuild,Completed,2023-01-20,2024-08-17,2024-11-15,53590000,25.46,3822.6
P0219,Royal Mall,Gandhinagar,Residential,43258,107211000,97732000,40926000,20729000,9286000,26791000,190,280,90,Sunrise Constructions,Completed,2025-11-27,2026-06-05,2026-09-03,-9479000,-8.84,2259.28
P0220,Sunrise Enclave,Ahmedabad,Industrial,142717,293883000,274783000,126831000,66581000,29919000,51452000,585,735,150,Shree BuildTech,Delayed,2025-02-27,2026-10-05,2027-03-04,-19100000,-6.5,1925.37
P0221,Royal Business Park,Ahmedabad,Commercial,124771,428243000,460765000,164501000,95896000,56733000,143635000,362,377,15,MetroBuild,Completed,2024-12-12,2025-12-09,2025-12-24,32522000,7.59,3692.89
P0222,Galaxy Mall,Ahmedabad,Industrial,43000,80306000,65851000,25331000,12830000,7391000,20299000,609,609,0,GreenStone Projects,Ongoing,2023-12-31,2025-08-31,2025-08-31,-14455000,-18.0,1531.42
P0223,Skyline Business Park,Vadodara,Industrial,31737,61593000,59586000,28537000,11610000,8792000,10647000,880,1000,120,Apex Developers,Delayed,2025-12-10,2028-05-08,2028-09-05,-2007000,-3.26,1877.49
P0224,Skyline Industrial Park,Pune,Commercial,16485,56816000,54283000,24914000,13570000,6944000,8855000,340,340,0,Apex Developers,Completed,2022-09-04,2023-08-10,2023-08-10,-2533000,-4.46,3292.87
P0225,Shree Mall,Ahmedabad,Industrial,43565,75335000,93577000,38399000,25095000,8138000,21945000,592,597,5,MetroBuild,Ongoing,2024-04-15,2025-11-28,2025-12-03,18242000,24.21,2147.99
P0226,Skyline Complex,Ahmedabad,Residential,124614,322335000,335010000,134895000,73228000,26267000,100620000,652,667,15,Urban Infra,Ongoing,2026-01-02,2027-10-16,2027-10-31,12675000,3.93,2688.38
P0227,Galaxy Mall,Ahmedabad,Infrastructure,70155,184478000,181864000,66478000,33492000,22746000,59148000,613,628,15,Royal Infra,Completed,2022-07-22,2024-03-26,2024-04-10,-2614000,-1.42,2592.32
P0228,Silver Heights,Rajkot,Infrastructure,57487,163093000,153996000,62022000,30070000,12732000,49172000,201,221,20,Apex Developers,Completed,2025-04-22,2025-11-09,2025-11-29,-9097000,-5.58,2678.8
P0229,Green Valley Enclave,Mumbai,Residential,134948,349079000,393512000,179327000,114025000,52343000,47817000,641,651,10,GreenStone Projects,Completed,2022-05-03,2024-02-03,2024-02-13,44433000,12.73,2916.03
P0230,Metro Heights,Pune,Industrial,17342,31495000,30248000,12995000,7236000,2870000,7147000,131,151,20,Urban Infra,Completed,2023-02-05,2023-06-16,2023-07-06,-1247000,-3.96,1744.2
P0231,Urban Heights,Gandhinagar,Commercial,45806,139848000,141801000,51957000,33242000,13634000,42968000,382,382,0,Apex Developers,Ongoing,2024-02-06,2025-02-22,2025-02-22,1953000,1.4,3095.69
P0232,Skyline Enclave,Pune,Industrial,53770,100999000,95273000,33558000,17584000,6751000,37380000,776,776,0,Royal Infra,Completed,2022-10-21,2024-12-05,2024-12-05,-5726000,-5.67,1771.86
P0233,Silver Heights,Pune,Residential,83623,220127000,184443000,66848000,49327000,23255000,45013000,568,705,137,Patel Construction,Delayed,2022-10-07,2024-04-27,2024-09-11,-35684000,-16.21,2205.65
P0234,Green Valley Business Park,Ahmedabad,Industrial,108177,185003000,166591000,57834000,40543000,13171000,55043000,311,371,60,Patel Construction,Completed,2024-06-02,2025-04-09,2025-06-08,-18412000,-9.95,1539.99
P0235,Sunrise Business Park,Mumbai,Infrastructure,136026,418314000,401482000,134618000,82003000,52928000,131933000,881,911,30,MetroBuild,Ongoing,2022-07-17,2024-12-14,2025-01-13,-16832000,-4.02,2951.51
P0236,Green Valley Plaza,Surat,Industrial,80629,143059000,141401000,54731000,27320000,15462000,43888000,233,233,0,Royal Infra,Ongoing,2024-09-08,2025-04-29,2025-04-29,-1658000,-1.16,1753.72
P0237,Galaxy Residency,Mumbai,Residential,125993,338010000,335870000,113567000,75909000,44584000,101810000,145,265,120,GreenStone Projects,Completed,2024-01-22,2024-06-15,2024-10-13,-2140000,-0.63,2665.78
P0238,Shree Heights,Surat,Infrastructure,131944,410106000,413932000,143844000,116091000,48312000,105685000,618,618,0,GreenStone Projects,Completed,2022-05-24,2024-02-01,2024-02-01,3826000,0.93,3137.18
P0239,Crystal Plaza,Gandhinagar,Industrial,110947,212660000,204442000,83325000,58028000,15659000,47430000,627,717,90,Apex Developers,Ongoing,2023-09-01,2025-05-20,2025-08-18,-8218000,-3.86,1842.7
P0240,Urban Residency,Ahmedabad,Industrial,31399,60422000,71412000,24733000,18020000,9373000,19286000,664,784,120,Shree BuildTech,Delayed,2025-05-09,2027-03-04,2027-07-02,10990000,18.19,2274.34
P0241,Silver Heights,Rajkot,Infrastructure,133177,375111000,425285000,140438000,113681000,32145000,139021000,181,241,60,Urban Infra,Completed,2025-02-21,2025-08-21,2025-10-20,50174000,13.38,3193.38
P0242,Crystal Heights,Ahmedabad,Commercial,114575,381231000,382675000,141889000,74170000,41442000,125174000,348,363,15,Royal Infra,Completed,2022-07-06,2023-06-19,2023-07-04,1444000,0.38,3339.95
P0243,Skyline Business Park,Ahmedabad,Infrastructure,115904,298555000,313635000,111419000,78589000,26279000,97348000,726,726,0,Apex Developers,Completed,2025-09-11,2027-09-07,2027-09-07,15080000,5.05,2705.99
P0244,Skyline Enclave,Rajkot,Commercial,35678,103572000,101019000,40655000,26269000,13151000,20944000,154,214,60,MetroBuild,Completed,2023-04-09,2023-09-10,2023-11-09,-2553000,-2.46,2831.41
P0245,Urban Enclave,Ahmedabad,Residential,81218,177905000,145882000,49072000,29772000,20851000,46187000,824,824,0,Royal Infra,Ongoing,2025-10-04,2028-01-06,2028-01-06,-32023000,-18.0,1796.18
P0246,Green Valley Residency,Rajkot,Residential,68230,163385000,167054000,73551000,47714000,19099000,26690000,575,698,123,Urban Infra,Delayed,2023-10-22,2025-05-19,2025-09-19,3669000,2.25,2448.4
P0247,Metro Business Park,Ahmedabad,Infrastructure,79055,212637000,224688000,104479000,45701000,25204000,49304000,707,827,120,Sunrise Constructions,Completed,2024-02-03,2026-01-10,2026-05-10,12051000,5.67,2842.17
P0248,Urban Enclave,Mumbai,Infrastructure,77258,224294000,185375000,81370000,40341000,24306000,39358000,621,744,123,MetroBuild,Delayed,2024-08-12,2026-04-25,2026-08-26,-38919000,-17.35,2399.43
P0249,Skyline Residency,Mumbai,Residential,44986,120743000,130394000,52842000,33181000,9181000,35190000,880,885,5,Apex Developers,Completed,2023-02-07,2025-07-06,2025-07-11,9651000,7.99,2898.55
P0250,Sunrise Plaza,Mumbai,Commercial,90595,285553000,281650000,128913000,72272000,40394000,40071000,714,834,120,Shree BuildTech,Ongoing,2025-10-01,2027-09-15,2028-01-13,-3903000,-1.37,3108.89
P0251,Urban Mall,Ahmedabad,Residential,106358,261958000,277820000,119792000,73324000,23836000,60868000,144,144,0,Royal Infra,Completed,2022-05-27,2022-10-18,2022-10-18,15862000,6.06,2612.12
P0252,Royal Residency,Ahmedabad,Infrastructure,69929,194124000,192173000,61820000,37174000,28582000,64597000,688,688,0,Sunrise Constructions,Completed,2025-03-17,2027-02-03,2027-02-03,-1951000,-1.01,2748.12
P0253,Galaxy Residency,Ahmedabad,Residential,78506,204693000,239514000,91747000,67528000,30873000,49366000,151,271,120,MetroBuild,Completed,2024-05-13,2024-10-11,2025-02-08,34821000,17.01,3050.9
P0254,Shree Residency,Surat,Infrastructure,39911,122757000,128545000,58636000,31357000,16960000,21592000,131,176,45,Apex Developers,Completed,2023-05-04,2023-09-12,2023-10-27,5788000,4.72,3220.79
P0255,Shree Complex,Mumbai,Infrastructure,92127,281950000,321505000,120673000,76055000,39383000,85394000,438,498,60,Patel Construction,Ongoing,2024-07-17,2025-09-28,2025-11-27,39555000,14.03,3489.8
P0256,Metro Enclave,Ahmedabad,Residential,118453,316799000,364372000,118652000,108485000,39255000,97980000,723,738,15,GreenStone Projects,Ongoing,2023-07-05,2025-06-27,2025-07-12,47573000,15.02,3076.09
P0257,Royal Business Park,Surat,Commercial,89458,259372000,229714000,100934000,61758000,26585000,40437000,120,135,15,Apex Developers,Completed,2022-12-04,2023-04-03,2023-04-18,-29658000,-11.43,2567.84
P0258,Silver Heights,Ahmedabad,Industrial,17175,35398000,32967000,14780000,6401000,2430000,9356000,554,655,101,Patel Construction,Delayed,2024-05-21,2025-11-26,2026-03-07,-2431000,-6.87,1919.48
P0259,Crystal Industrial Park,Gandhinagar,Residential,124235,317661000,341229000,117961000,92400000,40919000,89949000,255,255,0,Patel Construction,Completed,2023-10-03,2024-06-14,2024-06-14,23568000,7.42,2746.64
P0260,Shree Business Park,Rajkot,Industrial,59771,107922000,105346000,42768000,20166000,12651000,29761000,315,330,15,MetroBuild,Ongoing,2023-04-18,2024-02-27,2024-03-13,-2576000,-2.39,1762.49
P0261,Silver Complex,Ahmedabad,Residential,132157,352190000,349150000,122451000,63998000,49334000,113367000,252,372,120,Apex Developers,Completed,2022-05-31,2023-02-07,2023-06-07,-3040000,-0.86,2641.93
P0262,Green Valley Complex,Pune,Industrial,126300,223796000,262823000,114348000,60038000,29029000,59408000,205,215,10,GreenStone Projects,Completed,2025-12-09,2026-07-02,2026-07-12,39027000,17.44,2080.94
P0263,Crystal Plaza,Vadodara,Commercial,91925,308721000,303397000,110269000,90785000,23110000,79233000,595,685,90,Apex Developers,Completed,2025-08-14,2027-04-01,2027-06-30,-5324000,-1.72,3300.48
P0264,Sunrise Business Park,Ahmedabad,Commercial,71358,216809000,195936000,72613000,39380000,18515000,65428000,443,458,15,Patel Construction,Ongoing,2022-09-20,2023-12-07,2023-12-22,-20873000,-9.63,2745.82
P0265,Crystal Heights,Mumbai,Residential,52057,124300000,114349000,52051000,29813000,14002000,18483000,299,389,90,Urban Infra,Ongoing,2022-05-24,2023-03-19,2023-06-17,-9951000,-8.01,2196.61
P0266,Royal Enclave,Mumbai,Infrastructure,11150,33037000,42350000,16780000,8504000,3775000,13291000,635,665,30,Sunrise Constructions,Completed,2022-12-12,2024-09-07,2024-10-07,9313000,28.19,3798.21
P0267,Royal Plaza,Ahmedabad,Industrial,9425,18336000,18311000,7822000,4889000,1693000,3907000,757,767,10,Shree BuildTech,Completed,2023-09-16,2025-10-12,2025-10-22,-25000,-0.14,1942.81
P0268,Shree Industrial Park,Rajkot,Infrastructure,21032,58539000,50126000,19267000,12062000,6799000,11998000,294,294,0,Apex Developers,Completed,2024-10-13,2025-08-03,2025-08-03,-8413000,-14.37,2383.32
P0269,Silver Business Park,Surat,Infrastructure,7198,19586000,16061000,5905000,4202000,1875000,4079000,882,1002,120,Sunrise Constructions,Ongoing,2024-05-30,2026-10-29,2027-02-26,-3525000,-18.0,2231.31
P0270,Royal Enclave,Ahmedabad,Infrastructure,149931,455375000,430349000,180779000,87940000,47632000,113998000,140,260,120,Sunrise Constructions,Ongoing,2022-01-02,2022-05-22,2022-09-19,-25026000,-5.5,2870.31
P0271,Shree Industrial Park,Vadodara,Commercial,123865,369272000,367949000,126860000,99153000,35130000,106806000,224,224,0,Royal Infra,Completed,2024-06-15,2025-01-25,2025-01-25,-1323000,-0.36,2970.56
P0272,Shree Plaza,Ahmedabad,Residential,144777,345596000,391872000,148786000,117356000,50345000,75385000,697,757,60,Urban Infra,Completed,2025-08-20,2027-07-18,2027-09-16,46276000,13.39,2706.73
P0273,Skyline Enclave,Ahmedabad,Residential,28236,74464000,83570000,29537000,21718000,7773000,24542000,562,572,10,Sunrise Constructions,Ongoing,2022-09-11,2024-03-26,2024-04-05,9106000,12.23,2959.7
P0274,Metro Enclave,Rajkot,Commercial,92955,323063000,329278000,142027000,78769000,42465000,66017000,894,894,0,Apex Developers,Completed,2023-03-29,2025-09-08,2025-09-08,6215000,1.92,3542.34
P0275,Skyline Complex,Mumbai,Commercial,108145,341983000,330185000,155541000,96011000,24965000,53668000,168,228,60,MetroBuild,Completed,2024-11-26,2025-05-13,2025-07-12,-11798000,-3.45,3053.17
P0276,Royal Complex,Ahmedabad,Residential,99914,256072000,271629000,130187000,49410000,37801000,54231000,647,647,0,MetroBuild,Completed,2025-03-29,2027-01-05,2027-01-05,15557000,6.08,2718.63
P0277,Royal Mall,Ahmedabad,Infrastructure,107870,326530000,267755000,104972000,71649000,29444000,61690000,264,294,30,Royal Infra,Completed,2024-10-11,2025-07-02,2025-08-01,-58775000,-18.0,2482.2
P0278,Galaxy Residency,Ahmedabad,Industrial,121243,252374000,317418000,114399000,90988000,33354000,78677000,459,479,20,Sunrise Constructions,Ongoing,2022-01-09,2023-04-13,2023-05-03,65044000,25.77,2618.03
P0279,Sunrise Plaza,Vadodara,Industrial,19596,37969000,41709000,16302000,7816000,4958000,12633000,881,881,0,Apex Developers,Ongoing,2025-06-10,2027-11-08,2027-11-08,3740000,9.85,2128.44
P0280,Galaxy Heights,Ahmedabad,Industrial,137351,246609000,277198000,126281000,64866000,33246000,52805000,473,593,120,Apex Developers,Completed,2025-01-27,2026-05-15,2026-09-12,30589000,12.4,2018.17
P0281,Shree Complex,Ahmedabad,Infrastructure,116496,311891000,277927000,98097000,56855000,22391000,100584000,194,314,120,Patel Construction,Ongoing,2024-03-26,2024-10-06,2025-02-03,-33964000,-10.89,2385.72
P0282,Urban Mall,Surat,Residential,135273,313309000,367799000,173724000,91208000,47997000,54870000,697,707,10,Urban Infra,Completed,2022-07-27,2024-06-23,2024-07-03,54490000,17.39,2718.94
P0283,Metro Mall,Surat,Commercial,143155,472130000,455510000,170679000,117497000,41941000,125393000,756,905,149,GreenStone Projects,Delayed,2025-02-28,2027-03-26,2027-08-22,-16620000,-3.52,3181.94
P0284,Silver Mall,Ahmedabad,Residential,125674,273633000,247827000,118394000,53609000,35290000,40534000,438,443,5,Shree BuildTech,Ongoing,2023-02-08,2024-04-21,2024-04-26,-25806000,-9.43,1971.98
P0285,Metro Plaza,Vadodara,Infrastructure,125307,364869000,370451000,168250000,87129000,50169000,64903000,206,206,0,GreenStone Projects,Ongoing,2022-06-01,2022-12-24,2022-12-24,5582000,1.53,2956.35
P0286,Urban Plaza,Vadodara,Commercial,24063,75474000,76417000,34340000,16317000,7466000,18294000,672,702,30,Royal Infra,Completed,2022-02-23,2023-12-27,2024-01-26,943000,1.25,3175.71
P0287,Shree Business Park,Mumbai,Infrastructure,72642,196269000,174792000,64824000,39211000,23530000,47227000,817,827,10,Patel Construction,Completed,2025-02-17,2027-05-15,2027-05-25,-21477000,-10.94,2406.21
P0288,Royal Business Park,Ahmedabad,Industrial,95093,197568000,180302000,57950000,35906000,17762000,68684000,897,897,0,Shree BuildTech,Completed,2023-09-20,2026-03-05,2026-03-05,-17266000,-8.74,1896.06
P0289,Royal Business Park,Ahmedabad,Industrial,40954,77906000,70366000,26819000,20143000,5494000,17910000,161,281,120,GreenStone Projects,Ongoing,2023-08-10,2024-01-18,2024-05-17,-7540000,-9.68,1718.17
P0290,Urban Industrial Park,Pune,Infrastructure,32856,84721000,76618000,28218000,13883000,11259000,23258000,212,212,0,Apex Developers,Completed,2025-12-14,2026-07-14,2026-07-14,-8103000,-9.56,2331.93
P0291,Metro Heights,Ahmedabad,Commercial,7573,26218000,25521000,8319000,7296000,3119000,6787000,816,936,120,MetroBuild,Delayed,2025-12-16,2028-03-11,2028-07-09,-697000,-2.66,3370.0
P0292,Galaxy Industrial Park,Vadodara,Commercial,40367,117611000,100360000,40230000,24950000,10687000,24493000,846,966,120,Patel Construction,Delayed,2022-04-14,2024-08-07,2024-12-05,-17251000,-14.67,2486.19
P0293,Skyline Heights,Ahmedabad,Residential,104608,266094000,249339000,95867000,54804000,25388000,73280000,626,746,120,GreenStone Projects,Ongoing,2022-09-11,2024-05-29,2024-09-26,-16755000,-6.3,2383.56
P0294,Skyline Residency,Ahmedabad,Industrial,65774,133751000,153201000,64579000,40869000,14704000,33049000,648,705,57,Royal Infra,Delayed,2025-06-04,2027-03-14,2027-05-10,19450000,14.54,2329.2
P0295,Silver Complex,Ahmedabad,Residential,28752,67457000,75471000,31652000,18183000,11209000,14427000,384,429,45,Sunrise Constructions,Completed,2025-02-09,2026-02-28,2026-04-14,8014000,11.88,2624.9
P0296,Royal Residency,Ahmedabad,Residential,60029,155805000,139292000,47264000,33415000,11252000,47361000,745,745,0,Royal Infra,Completed,2023-05-25,2025-06-08,2025-06-08,-16513000,-10.6,2320.41
P0297,Skyline Industrial Park,Pune,Infrastructure,135282,383882000,435700000,207530000,84185000,41472000,102513000,411,416,5,Royal Infra,Completed,2026-02-05,2027-03-23,2027-03-28,51818000,13.5,3220.68
P0298,Shree Business Park,Gandhinagar,Infrastructure,56693,159046000,130418000,45634000,29571000,14195000,41018000,583,613,30,Royal Infra,Ongoing,2022-04-09,2023-11-13,2023-12-13,-28628000,-18.0,2300.43
P0299,Green Valley Residency,Gandhinagar,Residential,121739,265875000,348694000,136424000,72852000,37743000,101675000,679,709,30,Sunrise Constructions,Completed,2022-06-02,2024-04-11,2024-05-11,82819000,31.15,2864.28
P0300,Galaxy Plaza,Ahmedabad,Industrial,60961,111634000,131286000,52265000,23879000,14141000,41001000,216,337,121,Shree BuildTech,Delayed,2024-07-02,2025-02-03,2025-06-04,19652000,17.6,2153.61
P0301,Galaxy Enclave,Rajkot,Infrastructure,131678,407346000,388132000,174694000,86636000,32627000,94175000,214,334,120,Apex Developers,Completed,2024-05-27,2024-12-27,2025-04-26,-19214000,-4.72,2947.58
P0302,Galaxy Industrial Park,Surat,Residential,79532,188243000,200647000,67393000,38279000,16372000,78603000,445,535,90,MetroBuild,Completed,2022-12-04,2024-02-22,2024-05-22,12404000,6.59,2522.85
P0303,Crystal Mall,Surat,Residential,86994,213019000,181469000,70516000,38257000,16401000,56295000,193,283,90,Shree BuildTech,Delayed,2024-04-01,2024-10-11,2025-01-09,-31550000,-14.81,2085.99
P0304,Sunrise Industrial Park,Pune,Residential,61133,149220000,153287000,64466000,29293000,21945000,37583000,455,485,30,GreenStone Projects,Completed,2025-04-01,2026-06-30,2026-07-30,4067000,2.73,2507.43
P0305,Urban Enclave,Pune,Residential,66268,163798000,163464000,57936000,31404000,12921000,61203000,187,247,60,GreenStone Projects,Completed,2024-08-14,2025-02-17,2025-04-18,-334000,-0.2,2466.71
P0306,Sunrise Residency,Mumbai,Residential,36653,80357000,73915000,31073000,15070000,9653000,18119000,877,907,30,MetroBuild,Ongoing,2022-06-10,2024-11-03,2024-12-03,-6442000,-8.02,2016.62
P0307,Metro Mall,Ahmedabad,Residential,126829,298204000,287401000,134442000,86215000,37536000,29208000,196,201,5,GreenStone Projects,Completed,2024-03-11,2024-09-23,2024-09-28,-10803000,-3.62,2266.05
P0308,Royal Industrial Park,Ahmedabad,Infrastructure,133377,395522000,376522000,180581000,67873000,50748000,77320000,327,357,30,Urban Infra,Completed,2023-02-02,2023-12-26,2024-01-25,-19000000,-4.8,2822.99
P0309,Crystal Heights,Surat,Industrial,6622,11879000,10503000,3415000,2695000,1480000,2913000,885,930,45,MetroBuild,Completed,2025-07-24,2027-12-26,2028-02-09,-1376000,-11.58,1586.08
P0310,Urban Plaza,Rajkot,Residential,53756,121891000,111777000,39982000,22014000,10177000,39604000,340,360,20,Sunrise Constructions,Completed,2024-03-26,2025-03-01,2025-03-21,-10114000,-8.3,2079.34
P0311,Shree Complex,Ahmedabad,Commercial,45809,132255000,112017000,41407000,32538000,9854000,28218000,381,501,120,GreenStone Projects,Delayed,2025-11-16,2026-12-02,2027-04-01,-20238000,-15.3,2445.31
P0312,Green Valley Complex,Vadodara,Infrastructure,21725,60602000,68049000,26121000,13013000,7298000,21617000,529,587,58,GreenStone Projects,Delayed,2025-03-04,2026-08-15,2026-10-12,7447000,12.29,3132.29
P0313,Urban Complex,Rajkot,Infrastructure,56226,172263000,156440000,56125000,46088000,14268000,39959000,450,495,45,Patel Construction,Completed,2025-05-03,2026-07-27,2026-09-10,-15823000,-9.19,2782.34
P0314,Green Valley Business Park,Mumbai,Residential,86182,188515000,164641000,58046000,41705000,21197000,43693000,463,553,90,Patel Construction,Completed,2023-02-05,2024-05-13,2024-08-11,-23874000,-12.66,1910.39
P0315,Shree Heights,Rajkot,Infrastructure,34402,90743000,101721000,48086000,18325000,12296000,23014000,890,920,30,Patel Construction,Completed,2023-10-02,2026-03-10,2026-04-09,10978000,12.1,2956.83
P0316,Shree Plaza,Vadodara,Residential,9263,21525000,22910000,10698000,6582000,3207000,2423000,193,234,41,MetroBuild,Delayed,2024-11-22,2025-06-03,2025-07-14,1385000,6.43,2473.28
P0317,Crystal Enclave,Ahmedabad,Industrial,52924,106687000,119120000,39014000,28899000,9127000,42080000,756,876,120,Sunrise Constructions,Completed,2023-11-19,2025-12-14,2026-04-13,12433000,11.65,2250.77
P0318,Royal Plaza,Gandhinagar,Industrial,79182,156605000,176953000,66218000,37429000,25341000,47965000,819,819,0,MetroBuild,Completed,2023-04-05,2025-07-02,2025-07-02,20348000,12.99,2234.76
P0319,Galaxy Plaza,Ahmedabad,Infrastructure,147736,410148000,513708000,197687000,139766000,48015000,128240000,373,393,20,Royal Infra,Ongoing,2024-08-12,2025-08-20,2025-09-09,103560000,25.25,3477.2
P0320,Skyline Industrial Park,Ahmedabad,Infrastructure,40737,121705000,121860000,43655000,35486000,13314000,29405000,866,905,39,Apex Developers,Delayed,2023-04-15,2025-08-28,2025-10-06,155000,0.13,2991.38
P0321,Sunrise Business Park,Ahmedabad,Commercial,106332,351872000,297362000,125076000,70785000,31249000,70252000,881,881,0,Sunrise Constructions,Completed,2025-10-30,2028-03-29,2028-03-29,-54510000,-15.49,2796.54
P0322,Royal Plaza,Surat,Infrastructure,94563,290494000,305752000,129168000,66613000,40000000,69971000,451,571,120,Sunrise Constructions,Completed,2024-11-11,2026-02-05,2026-06-05,15258000,5.25,3233.32
P0323,Galaxy Enclave,Vadodara,Commercial,133575,461621000,433794000,197845000,119152000,44953000,71844000,517,562,45,Royal Infra,Completed,2024-01-20,2025-06-20,2025-08-04,-27827000,-6.03,3247.57
P0324,Sunrise Plaza,Ahmedabad,Industrial,106371,193135000,174806000,76659000,45767000,25432000,26948000,464,469,5,MetroBuild,Completed,2022-02-07,2023-05-17,2023-05-22,-18329000,-9.49,1643.36
P0325,Crystal Enclave,Pune,Industrial,43709,79702000,82252000,33461000,23578000,11696000,13517000,703,708,5,MetroBuild,Ongoing,2022-08-18,2024-07-21,2024-07-26,2550000,3.2,1881.81
P0326,Galaxy Industrial Park,Surat,Residential,26172,58264000,65482000,27802000,17228000,9153000,11299000,866,866,0,Patel Construction,Ongoing,2025-10-20,2028-03-04,2028-03-04,7218000,12.39,2501.99
P0327,Galaxy Residency,Mumbai,Industrial,16555,30641000,28180000,10253000,5896000,2133000,9898000,787,797,10,Sunrise Constructions,Ongoing,2023-07-17,2025-09-11,2025-09-21,-2461000,-8.03,1702.2
P0328,Shree Business Park,Surat,Commercial,58276,208842000,244956000,101630000,71478000,33887000,37961000,574,574,0,Patel Construction,Completed,2023-03-14,2024-10-08,2024-10-08,36114000,17.29,4203.38
P0329,Skyline Plaza,Ahmedabad,Infrastructure,62492,173099000,156005000,62133000,30043000,20675000,43154000,234,279,45,Apex Developers,Completed,2025-07-30,2026-03-21,2026-05-05,-17094000,-9.88,2496.4
P0330,Metro Enclave,Ahmedabad,Residential,94599,215347000,213351000,72824000,45263000,16701000,78563000,432,432,0,Urban Infra,Completed,2022-01-27,2023-04-04,2023-04-04,-1996000,-0.93,2255.32
P0331,Royal Enclave,Pune,Commercial,16046,54826000,58464000,20977000,14173000,4595000,18719000,347,347,0,Patel Construction,Completed,2022-08-14,2023-07-27,2023-07-27,3638000,6.64,3643.52
P0332,Metro Mall,Pune,Infrastructure,121021,345414000,336244000,123291000,83351000,26258000,103344000,364,484,120,MetroBuild,Ongoing,2025-07-24,2026-07-23,2026-11-20,-9170000,-2.65,2778.39
P0333,Urban Enclave,Ahmedabad,Residential,9853,22061000,18090000,8464000,3289000,1283000,5054000,645,655,10,GreenStone Projects,Completed,2024-03-08,2025-12-13,2025-12-23,-3971000,-18.0,1835.99
P0334,Skyline Residency,Pune,Industrial,125900,235323000,266218000,95003000,72856000,30320000,68039000,647,662,15,Shree BuildTech,Completed,2022-10-11,2024-07-19,2024-08-03,30895000,13.13,2114.52
P0335,Silver Plaza,Pune,Commercial,64129,203404000,192254000,70419000,42948000,28429000,50458000,546,546,0,Urban Infra,Completed,2024-05-28,2025-11-25,2025-11-25,-11150000,-5.48,2997.93
P0336,Silver Complex,Ahmedabad,Infrastructure,119130,355527000,394417000,149522000,90231000,41451000,113213000,161,281,120,Apex Developers,Completed,2024-08-17,2025-01-25,2025-05-25,38890000,10.94,3310.81
P0337,Galaxy Industrial Park,Rajkot,Residential,148184,321695000,279329000,119050000,77409000,31637000,51233000,584,674,90,GreenStone Projects,Completed,2023-03-29,2024-11-02,2025-01-31,-42366000,-13.17,1885.01
P0338,Crystal Heights,Pune,Residential,126789,291874000,259414000,87920000,58501000,38247000,74746000,741,843,102,MetroBuild,Delayed,2024-10-16,2026-10-27,2027-02-06,-32460000,-11.12,2046.03
P0339,Galaxy Residency,Ahmedabad,Industrial,43890,84548000,94989000,44895000,17636000,8588000,23870000,397,457,60,Urban Infra,Completed,2024-03-26,2025-04-27,2025-06-26,10441000,12.35,2164.25
P0340,Shree Business Park,Gandhinagar,Infrastructure,71017,190724000,202332000,92767000,40704000,28059000,40802000,138,138,0,Royal Infra,Ongoing,2023-10-21,2024-03-07,2024-03-07,11608000,6.09,2849.06
P0341,Silver Heights,Ahmedabad,Industrial,137596,271434000,262577000,108275000,77384000,29858000,47060000,185,190,5,MetroBuild,Completed,2023-07-01,2024-01-02,2024-01-07,-8857000,-3.26,1908.32
P0342,Skyline Enclave,Ahmedabad,Industrial,105424,201510000,214125000,91613000,40352000,24744000,57416000,286,301,15,Patel Construction,Completed,2025-04-30,2026-02-10,2026-02-25,12615000,6.26,2031.08
P0343,Shree Business Park,Rajkot,Infrastructure,20048,54988000,49792000,16066000,11083000,4852000,17791000,704,841,137,GreenStone Projects,Delayed,2024-12-08,2026-11-12,2027-03-29,-5196000,-9.45,2483.64
P0344,Urban Residency,Ahmedabad,Infrastructure,59912,186010000,192191000,71924000,46199000,22088000,51980000,522,567,45,MetroBuild,Completed,2022-01-17,2023-06-23,2023-08-07,6181000,3.32,3207.89
P0345,Silver Enclave,Rajkot,Infrastructure,39008,113490000,117511000,52563000,28108000,8913000,27927000,528,543,15,GreenStone Projects,Ongoing,2025-04-10,2026-09-20,2026-10-05,4021000,3.54,3012.48
P0346,Green Valley Mall,Surat,Commercial,136132,404513000,394459000,131117000,71190000,51742000,140410000,231,251,20,Apex Developers,Completed,2025-05-28,2026-01-14,2026-02-03,-10054000,-2.49,2897.62
P0347,Urban Industrial Park,Gandhinagar,Infrastructure,88559,253723000,233366000,85218000,56040000,21651000,70457000,393,403,10,Shree BuildTech,Ongoing,2022-06-07,2023-07-05,2023-07-15,-20357000,-8.02,2635.15
P0348,Sunrise Industrial Park,Ahmedabad,Residential,60337,155200000,159612000,66023000,36081000,22507000,35001000,526,646,120,Patel Construction,Ongoing,2023-04-22,2024-09-29,2025-01-27,4412000,2.84,2645.34
P0349,Green Valley Industrial Park,Mumbai,Industrial,115616,231943000,235052000,84860000,69728000,23371000,57093000,492,642,150,Patel Construction,Delayed,2024-12-05,2026-04-11,2026-09-08,3109000,1.34,2033.04
P0350,Urban Enclave,Ahmedabad,Commercial,18350,55071000,53094000,24924000,10571000,4323000,13276000,716,769,53,GreenStone Projects,Delayed,2025-10-28,2027-10-14,2027-12-06,-1977000,-3.59,2893.41
P0351,Skyline Complex,Ahmedabad,Infrastructure,29354,91555000,82028000,27969000,18251000,10309000,25499000,770,830,60,Apex Developers,Ongoing,2023-06-02,2025-07-11,2025-09-09,-9527000,-10.41,2794.44
P0352,Silver Heights,Ahmedabad,Commercial,50186,160393000,163841000,73332000,37739000,13626000,39144000,158,248,90,Apex Developers,Completed,2022-04-09,2022-09-14,2022-12-13,3448000,2.15,3264.68
P0353,Skyline Business Park,Pune,Infrastructure,33145,86772000,83683000,33580000,18986000,10903000,20214000,224,239,15,Urban Infra,Ongoing,2024-11-26,2025-07-08,2025-07-23,-3089000,-3.56,2524.75
P0354,Shree Residency,Rajkot,Commercial,91123,273994000,245455000,108013000,63794000,36192000,37456000,443,453,10,Shree BuildTech,Ongoing,2022-10-07,2023-12-24,2024-01-03,-28539000,-10.42,2693.67
P0355,Green Valley Enclave,Surat,Industrial,25581,44794000,45924000,16979000,9454000,6079000,13412000,533,533,0,MetroBuild,Completed,2025-10-04,2027-03-21,2027-03-21,1130000,2.52,1795.24
P0356,Urban Plaza,Pune,Industrial,93929,192167000,233098000,93780000,48141000,16735000,74442000,548,558,10,Urban Infra,Completed,2023-05-12,2024-11-10,2024-11-20,40931000,21.3,2481.64
P0357,Crystal Business Park,Vadodara,Residential,28051,62398000,60899000,27837000,16291000,7186000,9585000,754,821,67,MetroBuild,Delayed,2022-10-29,2024-11-21,2025-01-27,-1499000,-2.4,2171.01
P0358,Sunrise Heights,Surat,Residential,56474,125715000,150824000,59530000,36203000,18948000,36143000,849,894,45,MetroBuild,Completed,2022-06-30,2024-10-26,2024-12-10,25109000,19.97,2670.68
P0359,Urban Residency,Ahmedabad,Infrastructure,96748,294490000,375098000,141620000,86205000,51027000,96246000,180,180,0,MetroBuild,Completed,2023-08-30,2024-02-26,2024-02-26,80608000,27.37,3877.06
P0360,Silver Industrial Park,Ahmedabad,Industrial,130995,242871000,219941000,89249000,44055000,16381000,70256000,731,880,149,Urban Infra,Delayed,2025-01-27,2027-01-28,2027-06-26,-22930000,-9.44,1679.0
P0361,Royal Heights,Ahmedabad,Commercial,74626,216544000,221110000,96134000,44775000,23970000,56231000,426,446,20,Patel Construction,Completed,2023-12-01,2025-01-30,2025-02-19,4566000,2.11,2962.91
P0362,Green Valley Residency,Vadodara,Commercial,11960,34882000,44386000,17354000,8046000,5008000,13978000,473,563,90,Apex Developers,Completed,2024-09-19,2026-01-05,2026-04-05,9504000,27.25,3711.2
P0363,Galaxy Enclave,Pune,Commercial,41408,123399000,124074000,58342000,23695000,10364000,31673000,512,527,15,Patel Construction,Ongoing,2025-02-13,2026-07-10,2026-07-25,675000,0.55,2996.38
P0364,Skyline Mall,Ahmedabad,Residential,99006,225008000,230502000,84638000,56893000,22081000,66890000,323,338,15,Shree BuildTech,Completed,2022-07-10,2023-05-29,2023-06-13,5494000,2.44,2328.16
P0365,Silver Enclave,Vadodara,Commercial,62134,208041000,170594000,67568000,48965000,17950000,36111000,377,497,120,Urban Infra,Ongoing,2022-09-10,2023-09-22,2024-01-20,-37447000,-18.0,2745.58
P0366,Galaxy Business Park,Gandhinagar,Residential,137413,308227000,294727000,130007000,63207000,40276000,61237000,605,625,20,Royal Infra,Completed,2024-09-07,2026-05-05,2026-05-25,-13500000,-4.38,2144.83
P0367,Silver Complex,Mumbai,Residential,95327,211890000,230255000,99069000,50502000,33238000,47446000,636,651,15,Shree BuildTech,Completed,2024-07-16,2026-04-13,2026-04-28,18365000,8.67,2415.42
P0368,Skyline Business Park,Rajkot,Infrastructure,136410,408011000,535112000,245179000,103744000,64360000,121829000,565,575,10,Apex Developers,Completed,2025-03-30,2026-10-16,2026-10-26,127101000,31.15,3922.82
P0369,Crystal Enclave,Ahmedabad,Commercial,148326,497251000,495500000,237587000,112298000,50341000,95274000,828,943,115,Apex Developers,Delayed,2025-07-03,2027-10-09,2028-02-01,-1751000,-0.35,3340.61
P0370,Galaxy Complex,Gandhinagar,Commercial,16344,52080000,42731000,16592000,7882000,3860000,14397000,299,309,10,Sunrise Constructions,Completed,2025-09-08,2026-07-04,2026-07-14,-9349000,-17.95,2614.48
P0371,Sunrise Heights,Surat,Industrial,137822,267321000,227589000,76876000,66026000,33813000,50874000,461,506,45,Shree BuildTech,Completed,2022-05-08,2023-08-12,2023-09-26,-39732000,-14.86,1651.33
P0372,Crystal Business Park,Rajkot,Infrastructure,72957,197873000,200981000,65292000,52410000,29874000,53405000,252,282,30,Royal Infra,Completed,2022-01-18,2022-09-27,2022-10-27,3108000,1.57,2754.79
P0373,Royal Complex,Vadodara,Industrial,110423,211094000,245136000,106953000,73269000,35299000,29615000,562,682,120,Patel Construction,Completed,2023-07-20,2025-02-01,2025-06-01,34042000,16.13,2219.97
P0374,Urban Enclave,Rajkot,Infrastructure,63053,178573000,195802000,90038000,55987000,26013000,23764000,372,432,60,GreenStone Projects,Completed,2023-07-24,2024-07-30,2024-09-28,17229000,9.65,3105.36
P0375,Skyline Residency,Ahmedabad,Commercial,82454,259946000,279502000,99311000,66175000,26850000,87166000,384,389,5,Royal Infra,Completed,2025-09-08,2026-09-27,2026-10-02,19556000,7.52,3389.79
P0376,Royal Industrial Park,Ahmedabad,Residential,95600,252257000,296931000,102546000,71965000,40193000,82227000,212,217,5,Shree BuildTech,Ongoing,2023-11-17,2024-06-16,2024-06-21,44674000,17.71,3105.97
P0377,Royal Industrial Park,Vadodara,Residential,127732,276984000,258585000,85321000,52459000,26558000,94247000,781,841,60,Urban Infra,Completed,2023-09-18,2025-11-07,2026-01-06,-18399000,-6.64,2024.43
P0378,Urban Heights,Gandhinagar,Residential,42641,109715000,112161000,50656000,26408000,10783000,24314000,530,540,10,Apex Developers,Ongoing,2025-08-04,2027-01-16,2027-01-26,2446000,2.23,2630.36
P0379,Royal Mall,Ahmedabad,Residential,34711,77255000,73976000,27358000,21332000,9586000,15700000,257,257,0,Apex Developers,Ongoing,2024-05-03,2025-01-15,2025-01-15,-3279000,-4.24,2131.2
P0380,Skyline Complex,Vadodara,Residential,75342,194466000,192021000,73788000,35736000,14665000,67832000,327,357,30,Shree BuildTech,Completed,2024-08-19,2025-07-12,2025-08-11,-2445000,-1.26,2548.66
P0381,Urban Business Park,Ahmedabad,Industrial,111896,220150000,197969000,79275000,56149000,14627000,47918000,756,776,20,Royal Infra,Completed,2022-06-04,2024-06-29,2024-07-19,-22181000,-10.08,1769.22
P0382,Skyline Industrial Park,Ahmedabad,Infrastructure,148254,450612000,441024000,200363000,97428000,46676000,96557000,865,875,10,Shree BuildTech,Ongoing,2023-05-05,2025-09-16,2025-09-26,-9588000,-2.13,2974.79
P0383,Sunrise Complex,Gandhinagar,Commercial,92833,273732000,278296000,118035000,80133000,29402000,50726000,692,752,60,MetroBuild,Ongoing,2025-11-10,2027-10-03,2027-12-02,4564000,1.67,2997.81
P0384,Metro Business Park,Surat,Industrial,61276,119099000,116172000,48608000,34027000,16456000,17081000,426,426,0,Shree BuildTech,Completed,2024-02-24,2025-04-25,2025-04-25,-2927000,-2.46,1895.88
P0385,Sunrise Plaza,Ahmedabad,Infrastructure,24541,69418000,69465000,24181000,18096000,5564000,21624000,385,450,65,MetroBuild,Delayed,2025-02-01,2026-02-21,2026-04-27,47000,0.07,2830.57
P0386,Crystal Enclave,Vadodara,Residential,99457,251912000,269194000,108246000,69918000,21499000,69531000,765,765,0,Royal Infra,Completed,2025-11-17,2027-12-22,2027-12-22,17282000,6.86,2706.64
P0387,Urban Heights,Ahmedabad,Infrastructure,49813,141923000,165857000,72058000,38865000,13566000,41368000,437,497,60,Urban Infra,Completed,2022-09-03,2023-11-14,2024-01-13,23934000,16.86,3329.59
P0388,Metro Plaza,Ahmedabad,Infrastructure,144892,413390000,486700000,231534000,136405000,35227000,83534000,232,242,10,Urban Infra,Completed,2025-04-14,2025-12-02,2025-12-12,73310000,17.73,3359.05
P0389,Metro Plaza,Rajkot,Residential,29070,69385000,77112000,27161000,22778000,5840000,21333000,497,552,55,Patel Construction,Delayed,2024-11-28,2026-04-09,2026-06-03,7727000,11.14,2652.63
P0390,Urban Industrial Park,Vadodara,Residential,147194,341941000,297079000,95519000,81105000,36478000,83977000,573,588,15,Shree BuildTech,Ongoing,2024-01-29,2025-08-24,2025-09-08,-44862000,-13.12,2018.28
P0391,Royal Plaza,Gandhinagar,Residential,85559,206594000,201791000,67004000,51383000,21093000,62311000,310,370,60,Royal Infra,Ongoing,2023-06-22,2024-04-27,2024-06-26,-4803000,-2.32,2358.5
P0392,Sunrise Complex,Vadodara,Commercial,46786,138647000,136856000,52024000,34599000,17940000,32293000,559,564,5,Royal Infra,Completed,2024-07-09,2026-01-19,2026-01-24,-1791000,-1.29,2925.15
P0393,Crystal Industrial Park,Ahmedabad,Residential,142809,380969000,358546000,161807000,101087000,53570000,42082000,306,311,5,Patel Construction,Completed,2023-02-12,2023-12-15,2023-12-20,-22423000,-5.89,2510.67
P0394,Shree Enclave,Mumbai,Commercial,41062,138910000,147395000,47335000,36104000,18089000,45867000,486,516,30,GreenStone Projects,Completed,2023-06-09,2024-10-07,2024-11-06,8485000,6.11,3589.57
P0395,Urban Industrial Park,Rajkot,Residential,56571,150643000,124835000,49070000,34512000,9242000,32011000,208,272,64,Royal Infra,Delayed,2024-04-07,2024-11-01,2025-01-04,-25808000,-17.13,2206.7
P0396,Crystal Enclave,Ahmedabad,Commercial,30510,92739000,113441000,42277000,27347000,8890000,34927000,306,311,5,Sunrise Constructions,Completed,2024-06-21,2025-04-23,2025-04-28,20702000,22.32,3718.16
P0397,Galaxy Plaza,Vadodara,Infrastructure,24426,74784000,87006000,28573000,16313000,12223000,29897000,251,251,0,Urban Infra,Completed,2022-02-05,2022-10-14,2022-10-14,12222000,16.34,3562.02
P0398,Crystal Plaza,Ahmedabad,Industrial,42265,86562000,93261000,36562000,21084000,10464000,25151000,754,754,0,Apex Developers,Completed,2023-11-16,2025-12-09,2025-12-09,6699000,7.74,2206.58
P0399,Crystal Enclave,Ahmedabad,Infrastructure,71150,208977000,211599000,76336000,49373000,28775000,57115000,679,808,129,MetroBuild,Delayed,2022-01-20,2023-11-30,2024-04-07,2622000,1.25,2973.98
P0400,Crystal Complex,Ahmedabad,Infrastructure,92312,268168000,313076000,117811000,61674000,43370000,90221000,495,495,0,Sunrise Constructions,Completed,2022-11-17,2024-03-26,2024-03-26,44908000,16.75,3391.5
P0401,Royal Enclave,Gandhinagar,Residential,94613,220178000,242797000,105106000,46690000,35015000,55986000,810,930,120,Apex Developers,Completed,2023-05-27,2025-08-14,2025-12-12,22619000,10.27,2566.21
P0402,Green Valley Industrial Park,Rajkot,Commercial,79910,276069000,318251000,128398000,77735000,46460000,65658000,811,841,30,Sunrise Constructions,Completed,2023-02-04,2025-04-25,2025-05-25,42182000,15.28,3982.62
P0403,Green Valley Complex,Ahmedabad,Industrial,57375,110139000,111561000,37924000,21221000,12761000,39655000,218,352,134,Patel Construction,Delayed,2023-10-16,2024-05-21,2024-10-02,1422000,1.29,1944.42
P0404,Shree Plaza,Ahmedabad,Residential,126826,278691000,344105000,163046000,74448000,33475000,73136000,153,273,120,Patel Construction,Delayed,2024-08-29,2025-01-29,2025-05-29,65414000,23.47,2713.21
P0405,Skyline Business Park,Mumbai,Residential,40435,94019000,109065000,45998000,29377000,16027000,17663000,701,721,20,MetroBuild,Ongoing,2023-04-16,2025-03-17,2025-04-06,15046000,16.0,2697.29
P0406,Silver Plaza,Mumbai,Residential,101443,269213000,291058000,128805000,86075000,33120000,43058000,290,290,0,Urban Infra,Completed,2025-03-12,2025-12-27,2025-12-27,21845000,8.11,2869.18
P0407,Galaxy Residency,Gandhinagar,Infrastructure,139055,423286000,495548000,164856000,131887000,37236000,161569000,485,500,15,GreenStone Projects,Completed,2025-01-20,2026-05-20,2026-06-04,72262000,17.07,3563.68
P0408,Crystal Mall,Vadodara,Commercial,28510,101817000,98732000,32338000,29532000,11988000,24874000,178,250,72,Royal Infra,Delayed,2025-10-09,2026-04-05,2026-06-16,-3085000,-3.03,3463.07
P0409,Green Valley Residency,Ahmedabad,Commercial,99071,329124000,289596000,93572000,76396000,33887000,85741000,300,330,30,MetroBuild,Completed,2024-04-13,2025-02-07,2025-03-09,-39528000,-12.01,2923.12
P0410,Shree Industrial Park,Ahmedabad,Industrial,11640,21109000,22346000,7826000,4810000,3166000,6544000,138,143,5,GreenStone Projects,Completed,2023-12-28,2024-05-14,2024-05-19,1237000,5.86,1919.76
P0411,Royal Industrial Park,Surat,Commercial,49547,148375000,150326000,58072000,39182000,18378000,34694000,345,360,15,Apex Developers,Completed,2024-05-03,2025-04-13,2025-04-28,1951000,1.31,3034.01
P0412,Urban Business Park,Mumbai,Commercial,59620,179551000,178882000,84027000,47271000,17517000,30067000,592,626,34,Royal Infra,Delayed,2022-02-20,2023-10-05,2023-11-08,-669000,-0.37,3000.37
P0413,Green Valley Plaza,Pune,Residential,120608,261774000,305217000,119990000,68554000,44958000,71715000,214,259,45,Sunrise Constructions,Completed,2023-07-29,2024-02-28,2024-04-13,43443000,16.6,2530.65
P0414,Urban Complex,Gandhinagar,Residential,12564,29730000,30921000,11331000,5632000,4147000,9811000,416,446,30,MetroBuild,Ongoing,2025-04-28,2026-06-18,2026-07-18,1191000,4.01,2461.08
P0415,Green Valley Enclave,Vadodara,Infrastructure,118824,313448000,329631000,135119000,87149000,39699000,67664000,712,712,0,GreenStone Projects,Ongoing,2025-02-22,2027-02-04,2027-02-04,16183000,5.16,2774.11
P0416,Metro Heights,Ahmedabad,Residential,84273,200347000,196491000,66396000,35880000,18359000,75856000,294,414,120,Shree BuildTech,Completed,2022-05-30,2023-03-20,2023-07-18,-3856000,-1.92,2331.6
P0417,Sunrise Enclave,Gandhinagar,Residential,79859,211920000,238566000,99606000,61011000,23829000,54120000,341,361,20,Shree BuildTech,Completed,2022-11-10,2023-10-17,2023-11-06,26646000,12.57,2987.34
P0418,Metro Industrial Park,Ahmedabad,Residential,115017,274583000,303201000,124600000,60529000,37475000,80597000,734,841,107,Urban Infra,Delayed,2023-07-24,2025-07-27,2025-11-11,28618000,10.42,2636.14
P0419,Sunrise Residency,Surat,Residential,128618,337439000,379565000,169559000,94084000,28755000,87167000,173,263,90,GreenStone Projects,Delayed,2025-09-27,2026-03-19,2026-06-17,42126000,12.48,2951.1
P0420,Shree Industrial Park,Pune,Infrastructure,130341,377075000,362116000,173044000,87078000,32784000,69210000,814,934,120,MetroBuild,Delayed,2022-11-01,2025-01-23,2025-05-23,-14959000,-3.97,2778.22
P0421,Shree Residency,Mumbai,Residential,34430,78861000,92779000,33413000,16851000,11793000,30722000,522,522,0,Apex Developers,Ongoing,2023-11-13,2025-04-18,2025-04-18,13918000,17.65,2694.71
P0422,Silver Residency,Rajkot,Industrial,32788,60945000,75612000,30362000,16903000,8196000,20151000,437,437,0,Shree BuildTech,Completed,2024-04-17,2025-06-28,2025-06-28,14667000,24.07,2306.09
P0423,Royal Plaza,Pune,Industrial,149991,261746000,293429000,136567000,73983000,29986000,52893000,468,588,120,Urban Infra,Delayed,2024-12-13,2026-03-26,2026-07-24,31683000,12.1,1956.31
P0424,Shree Heights,Mumbai,Industrial,74346,137495000,126892000,56547000,35762000,10420000,24163000,562,567,5,MetroBuild,Completed,2024-09-29,2026-04-14,2026-04-19,-10603000,-7.71,1706.78
P0425,Galaxy Heights,Ahmedabad,Industrial,101122,201558000,186186000,74099000,53368000,19614000,39105000,699,709,10,Urban Infra,Ongoing,2023-03-20,2025-02-16,2025-02-26,-15372000,-7.63,1841.2
P0426,Silver Mall,Ahmedabad,Residential,44974,98856000,96380000,45420000,22944000,12689000,15327000,659,747,88,Apex Developers,Delayed,2023-09-05,2025-06-25,2025-09-21,-2476000,-2.5,2143.02
P0427,Urban Enclave,Mumbai,Industrial,112309,201691000,192065000,63220000,51360000,17501000,59984000,401,421,20,Shree BuildTech,Ongoing,2024-09-19,2025-10-25,2025-11-14,-9626000,-4.77,1710.15
P0428,Silver Enclave,Rajkot,Residential,21371,50465000,51044000,23938000,11126000,3595000,12385000,479,479,0,Royal Infra,Ongoing,2022-09-21,2024-01-13,2024-01-13,579000,1.15,2388.47
P0429,Urban Plaza,Gandhinagar,Infrastructure,50084,156510000,171518000,56272000,37916000,21179000,56151000,750,770,20,Shree BuildTech,Ongoing,2024-12-12,2027-01-01,2027-01-21,15008000,9.59,3424.61
P0430,Silver Residency,Rajkot,Industrial,66916,136380000,143853000,58630000,29250000,21263000,34710000,765,795,30,Shree BuildTech,Completed,2024-09-30,2026-11-04,2026-12-04,7473000,5.48,2149.75
P0431,Silver Heights,Ahmedabad,Commercial,78972,268219000,280094000,129535000,69305000,33204000,48050000,760,775,15,GreenStone Projects,Ongoing,2022-01-05,2024-02-04,2024-02-19,11875000,4.43,3546.75
P0432,Green Valley Complex,Mumbai,Industrial,17984,31626000,31343000,11347000,6825000,2495000,10676000,127,142,15,Patel Construction,Completed,2025-01-31,2025-06-07,2025-06-22,-283000,-0.89,1742.83
P0433,Sunrise Mall,Mumbai,Industrial,38039,77465000,78328000,30983000,14892000,7493000,24960000,682,712,30,GreenStone Projects,Ongoing,2025-05-04,2027-03-17,2027-04-16,863000,1.11,2059.15
P0434,Urban Complex,Rajkot,Residential,90431,232826000,259738000,96595000,68103000,36210000,58830000,610,640,30,Shree BuildTech,Completed,2024-02-13,2025-10-15,2025-11-14,26912000,11.56,2872.22
P0435,Sunrise Plaza,Ahmedabad,Industrial,88691,173946000,142636000,67373000,37789000,12638000,24836000,460,480,20,Sunrise Constructions,Completed,2024-05-26,2025-08-29,2025-09-18,-31310000,-18.0,1608.24
P0436,Green Valley Heights,Ahmedabad,Commercial,63606,227532000,231772000,104711000,51731000,27492000,47838000,591,716,125,Patel Construction,Delayed,2024-09-18,2026-05-02,2026-09-04,4240000,1.86,3643.87
P0437,Green Valley Enclave,Ahmedabad,Residential,146688,342037000,360698000,156341000,68247000,36868000,99242000,806,841,35,Royal Infra,Delayed,2024-06-02,2026-08-17,2026-09-21,18661000,5.46,2458.95
P0438,Urban Heights,Ahmedabad,Residential,107665,286065000,318685000,131942000,73666000,27607000,85470000,814,874,60,MetroBuild,Completed,2025-10-05,2027-12-28,2028-02-26,32620000,11.4,2959.97
P0439,Metro Residency,Ahmedabad,Infrastructure,110373,340332000,305889000,138046000,71297000,41317000,55229000,823,913,90,GreenStone Projects,Ongoing,2022-02-16,2024-05-19,2024-08-17,-34443000,-10.12,2771.41
P0440,Green Valley Complex,Ahmedabad,Infrastructure,29574,74736000,66698000,25530000,17358000,8632000,15178000,368,383,15,Patel Construction,Ongoing,2024-05-16,2025-05-19,2025-06-03,-8038000,-10.76,2255.29
P0441,Crystal Complex,Mumbai,Industrial,139502,264796000,288647000,113037000,62882000,35483000,77245000,354,477,123,Patel Construction,Delayed,2024-04-02,2025-03-22,2025-07-23,23851000,9.01,2069.12
P0442,Royal Heights,Pune,Infrastructure,148748,464376000,380788000,166328000,99733000,33855000,80872000,202,202,0,GreenStone Projects,Completed,2024-07-24,2025-02-11,2025-02-11,-83588000,-18.0,2559.95
P0443,Skyline Complex,Ahmedabad,Infrastructure,146888,379488000,447744000,168907000,127418000,34847000,116572000,212,222,10,GreenStone Projects,Ongoing,2023-10-18,2024-05-17,2024-05-27,68256000,17.99,3048.2
P0444,Sunrise Industrial Park,Ahmedabad,Infrastructure,37733,107820000,112908000,37285000,23541000,13108000,38974000,513,569,56,Patel Construction,Delayed,2022-09-26,2024-02-21,2024-04-17,5088000,4.72,2992.29
P0445,Shree Business Park,Surat,Residential,7050,18872000,22779000,7560000,6776000,2604000,5839000,387,507,120,Urban Infra,Completed,2023-01-05,2024-01-27,2024-05-26,3907000,20.7,3231.06
P0446,Sunrise Heights,Ahmedabad,Residential,114996,282120000,250960000,84939000,56808000,21349000,87864000,536,685,149,Royal Infra,Delayed,2023-09-28,2025-03-17,2025-08-13,-31160000,-11.04,2182.34
P0447,Green Valley Residency,Ahmedabad,Residential,38933,87997000,85149000,39096000,18058000,6344000,21651000,751,841,90,Sunrise Constructions,Delayed,2025-02-03,2027-02-24,2027-05-25,-2848000,-3.24,2187.06
P0448,Silver Residency,Vadodara,Infrastructure,29951,86218000,70699000,27965000,16302000,5405000,21027000,702,772,70,Apex Developers,Delayed,2023-10-19,2025-09-20,2025-11-29,-15519000,-18.0,2360.49
P0449,Green Valley Enclave,Gandhinagar,Residential,37413,84851000,78446000,34050000,15009000,11722000,17665000,648,648,0,Shree BuildTech,Completed,2022-04-30,2024-02-07,2024-02-07,-6405000,-7.55,2096.76
P0450,Galaxy Residency,Pune,Infrastructure,117573,333924000,333236000,127585000,65009000,44216000,96426000,372,392,20,Royal Infra,Completed,2024-04-10,2025-04-17,2025-05-07,-688000,-0.21,2834.29
P0451,Silver Mall,Mumbai,Residential,140566,309118000,253477000,91605000,58232000,36440000,67200000,241,356,115,GreenStone Projects,Delayed,2024-12-17,2025-08-15,2025-12-08,-55641000,-18.0,1803.26
P0452,Skyline Plaza,Surat,Residential,127744,316766000,308101000,115708000,83647000,26375000,82371000,129,139,10,Patel Construction,Completed,2025-10-01,2026-02-07,2026-02-17,-8665000,-2.74,2411.86
P0453,Shree Complex,Gandhinagar,Commercial,94431,306317000,251180000,112295000,72349000,36885000,29651000,435,465,30,Apex Developers,Ongoing,2024-01-11,2025-03-21,2025-04-20,-55137000,-18.0,2659.93
P0454,Sunrise Complex,Rajkot,Industrial,48001,96933000,95877000,40272000,24907000,7806000,22892000,392,402,10,GreenStone Projects,Completed,2026-02-06,2027-03-05,2027-03-15,-1056000,-1.09,1997.4
P0455,Royal Mall,Rajkot,Infrastructure,72364,210472000,243654000,114523000,46934000,26979000,55218000,425,425,0,Urban Infra,Completed,2022-04-27,2023-06-26,2023-06-26,33182000,15.77,3367.06
P0456,Metro Business Park,Ahmedabad,Commercial,129988,424661000,431372000,184952000,112434000,58829000,75157000,329,374,45,Apex Developers,Completed,2024-03-01,2025-01-24,2025-03-10,6711000,1.58,3318.55
P0457,Skyline Business Park,Ahmedabad,Residential,50028,126281000,153935000,63303000,39446000,15083000,36103000,849,854,5,Patel Construction,Ongoing,2025-02-24,2027-06-23,2027-06-28,27654000,21.9,3076.98
P0458,Sunrise Residency,Ahmedabad,Infrastructure,136878,357069000,397902000,166176000,110096000,41376000,80254000,872,872,0,Royal Infra,Completed,2025-11-17,2028-04-07,2028-04-07,40833000,11.44,2906.98
P0459,Sunrise Mall,Ahmedabad,Residential,129343,320040000,378216000,178056000,105534000,30354000,64272000,583,588,5,MetroBuild,Ongoing,2024-10-09,2026-05-15,2026-05-20,58176000,18.18,2924.13
P0460,Royal Complex,Ahmedabad,Industrial,133301,237535000,220482000,98360000,62658000,17602000,41862000,831,876,45,Royal Infra,Ongoing,2024-12-17,2027-03-28,2027-05-12,-17053000,-7.18,1654.02
P0461,Silver Mall,Rajkot,Commercial,131295,463677000,429042000,138944000,98549000,51299000,140250000,847,847,0,Royal Infra,Ongoing,2023-09-26,2026-01-20,2026-01-20,-34635000,-7.47,3267.77
P0462,Crystal Enclave,Ahmedabad,Industrial,39636,68910000,73146000,29658000,19292000,9073000,15123000,836,841,5,Sunrise Constructions,Ongoing,2023-05-28,2025-09-10,2025-09-15,4236000,6.15,1845.44
P0463,Crystal Enclave,Pune,Commercial,29262,93140000,77369000,33279000,16417000,10227000,17446000,535,535,0,Apex Developers,Completed,2024-03-12,2025-08-29,2025-08-29,-15771000,-16.93,2644.01
P0464,Silver Industrial Park,Ahmedabad,Residential,85435,215927000,232453000,102231000,69717000,26624000,33881000,335,345,10,GreenStone Projects,Completed,2025-01-24,2025-12-25,2026-01-04,16526000,7.65,2720.82
P0465,Galaxy Enclave,Ahmedabad,Industrial,133583,254002000,249209000,88246000,50101000,30319000,80543000,199,199,0,Patel Construction,Completed,2025-02-15,2025-09-02,2025-09-02,-4793000,-1.89,1865.57
P0466,Galaxy Residency,Mumbai,Industrial,46844,81907000,96617000,44323000,17508000,6868000,27918000,898,958,60,GreenStone Projects,Ongoing,2023-07-14,2025-12-28,2026-02-26,14710000,17.96,2062.53
P0467,Shree Enclave,Pune,Residential,69754,171050000,188419000,89110000,37280000,15634000,46395000,599,599,0,Patel Construction,Ongoing,2023-05-03,2024-12-22,2024-12-22,17369000,10.15,2701.19
P0468,Skyline Complex,Mumbai,Industrial,82129,162468000,187099000,66958000,51098000,27839000,41204000,666,711,45,Shree BuildTech,Completed,2025-06-14,2027-04-11,2027-05-26,24631000,15.16,2278.11
P0469,Royal Enclave,Vadodara,Infrastructure,45042,133033000,123654000,57032000,28887000,9408000,28327000,137,147,10,MetroBuild,Completed,2024-06-15,2024-10-30,2024-11-09,-9379000,-7.05,2745.3
P0470,Skyline Heights,Rajkot,Commercial,66665,209513000,240057000,80543000,56101000,29840000,73573000,284,344,60,Shree BuildTech,Ongoing,2025-07-19,2026-04-29,2026-06-28,30544000,14.58,3600.95
P0471,Sunrise Business Park,Ahmedabad,Commercial,121953,399618000,476890000,156855000,140493000,40100000,139442000,644,654,10,Royal Infra,Completed,2025-04-27,2027-01-31,2027-02-10,77272000,19.34,3910.44
P0472,Sunrise Residency,Ahmedabad,Commercial,123533,394970000,401035000,136623000,116443000,51067000,96902000,321,427,106,MetroBuild,Delayed,2023-12-05,2024-10-21,2025-02-04,6065000,1.54,3246.38
P0473,Silver Residency,Gandhinagar,Infrastructure,78781,231142000,215257000,70871000,46785000,27226000,70375000,860,875,15,Sunrise Constructions,Completed,2026-01-10,2028-05-19,2028-06-03,-15885000,-6.87,2732.35
P0474,Skyline Residency,Ahmedabad,Commercial,71262,234511000,218889000,99639000,44891000,19423000,54936000,465,508,43,Shree BuildTech,Delayed,2023-08-04,2024-11-11,2024-12-24,-15622000,-6.66,3071.61
P0475,Galaxy Business Park,Ahmedabad,Residential,51600,125780000,146997000,48428000,41426000,13461000,43682000,485,485,0,Sunrise Constructions,Completed,2024-02-29,2025-06-28,2025-06-28,21217000,16.87,2848.78
P0476,Galaxy Mall,Vadodara,Industrial,81898,148588000,199423000,72484000,57578000,24406000,44955000,567,612,45,GreenStone Projects,Completed,2024-05-10,2025-11-28,2026-01-12,50835000,34.21,2435.02
P0477,Shree Heights,Ahmedabad,Infrastructure,35448,89373000,80633000,27141000,19754000,8161000,25577000,632,662,30,Royal Infra,Completed,2022-09-04,2024-05-28,2024-06-27,-8740000,-9.78,2274.68
P0478,Royal Business Park,Gandhinagar,Commercial,31172,93596000,83579000,30696000,21357000,7151000,24375000,438,558,120,Urban Infra,Completed,2025-01-04,2026-03-18,2026-07-16,-10017000,-10.7,2681.22
P0479,Shree Residency,Gandhinagar,Residential,12657,28121000,31793000,10634000,6703000,4086000,10370000,336,366,30,Urban Infra,Completed,2022-06-03,2023-05-05,2023-06-04,3672000,13.06,2511.89
P0480,Green Valley Residency,Ahmedabad,Industrial,117855,223655000,207894000,88746000,57399000,17116000,44633000,153,173,20,MetroBuild,Completed,2025-12-29,2026-05-31,2026-06-20,-15761000,-7.05,1763.98
P0481,Sunrise Residency,Ahmedabad,Industrial,12906,25372000,28980000,9892000,7415000,4012000,7661000,385,395,10,MetroBuild,Ongoing,2024-09-23,2025-10-13,2025-10-23,3608000,14.22,2245.47
P0482,Green Valley Industrial Park,Ahmedabad,Infrastructure,66413,176078000,189432000,86437000,45544000,21060000,36391000,759,759,0,Shree BuildTech,Completed,2025-01-14,2027-02-12,2027-02-12,13354000,7.58,2852.33
P0483,Royal Residency,Pune,Infrastructure,59028,182896000,186028000,83852000,34827000,14595000,52754000,843,963,120,Urban Infra,Ongoing,2023-11-28,2026-03-20,2026-07-18,3132000,1.71,3151.52
P0484,Urban Heights,Ahmedabad,Infrastructure,12287,31014000,33277000,10721000,9647000,4177000,8732000,894,939,45,Apex Developers,Completed,2025-08-01,2028-01-12,2028-02-26,2263000,7.3,2708.31
P0485,Silver Business Park,Ahmedabad,Residential,38660,99270000,105784000,49011000,26854000,11798000,18121000,199,332,133,Apex Developers,Delayed,2025-05-28,2025-12-13,2026-04-25,6514000,6.56,2736.26
P0486,Shree Heights,Vadodara,Residential,65504,163112000,162859000,52869000,33080000,15283000,61627000,796,886,90,GreenStone Projects,Ongoing,2024-12-28,2027-03-04,2027-06-02,-253000,-0.16,2486.25
P0487,Shree Industrial Park,Ahmedabad,Infrastructure,107979,296954000,243502000,87257000,61549000,25276000,69420000,532,592,60,Apex Developers,Completed,2024-12-06,2026-05-22,2026-07-21,-53452000,-18.0,2255.09
P0488,Green Valley Complex,Ahmedabad,Commercial,39701,115750000,120546000,39199000,31498000,11315000,38534000,371,431,60,GreenStone Projects,Completed,2024-10-05,2025-10-11,2025-12-10,4796000,4.14,3036.35
P0489,Urban Mall,Ahmedabad,Industrial,88300,174153000,210510000,78675000,51173000,19165000,61497000,131,161,30,Urban Infra,Completed,2022-04-04,2022-08-13,2022-09-12,36357000,20.88,2384.03
P0490,Galaxy Enclave,Ahmedabad,Industrial,88560,165712000,137035000,55118000,36475000,11386000,34056000,520,535,15,Apex Developers,Completed,2024-08-15,2026-01-17,2026-02-01,-28677000,-17.31,1547.37
P0491,Skyline Enclave,Gandhinagar,Residential,48642,129113000,116732000,52233000,29157000,11559000,23783000,843,963,120,Sunrise Constructions,Ongoing,2024-10-08,2027-01-29,2027-05-29,-12381000,-9.59,2399.82
P0492,Shree Enclave,Ahmedabad,Industrial,70160,135868000,145544000,54445000,42751000,13110000,35238000,401,491,90,Patel Construction,Ongoing,2023-03-29,2024-05-03,2024-08-01,9676000,7.12,2074.46
P0493,Galaxy Complex,Ahmedabad,Commercial,22602,80045000,82017000,35503000,15292000,10225000,20997000,231,307,76,MetroBuild,Delayed,2025-05-12,2025-12-29,2026-03-15,1972000,2.46,3628.75
P0494,Crystal Mall,Gandhinagar,Industrial,108320,195210000,208746000,73061000,40236000,26033000,69416000,842,872,30,Royal Infra,Ongoing,2024-06-30,2026-10-20,2026-11-19,13536000,6.93,1927.12
P0495,Silver Heights,Ahmedabad,Residential,93801,238553000,223305000,98276000,44849000,24596000,55584000,497,582,85,Shree BuildTech,Delayed,2022-08-06,2023-12-16,2024-03-10,-15248000,-6.39,2380.62
P0496,Crystal Plaza,Ahmedabad,Residential,30931,76892000,89156000,31896000,23432000,11790000,22038000,870,990,120,GreenStone Projects,Delayed,2023-04-19,2025-09-05,2026-01-03,12264000,15.95,2882.42
P0497,Silver Residency,Gandhinagar,Commercial,99377,337936000,346597000,118871000,89239000,47590000,90897000,387,499,112,Sunrise Constructions,Delayed,2023-03-08,2024-03-29,2024-07-19,8661000,2.56,3487.7
P0498,Metro Industrial Park,Mumbai,Commercial,34192,103640000,114381000,39995000,32833000,13312000,28241000,417,417,0,Apex Developers,Completed,2022-12-07,2024-01-28,2024-01-28,10741000,10.36,3345.26
P0499,Shree Enclave,Ahmedabad,Industrial,51542,102464000,108451000,37864000,29059000,12962000,28566000,436,436,0,Royal Infra,Completed,2023-07-05,2024-09-13,2024-09-13,5987000,5.84,2104.13
P0500,Urban Residency,Mumbai,Industrial,132015,253229000,263626000,105993000,63535000,24420000,69678000,689,809,120,Royal Infra,Completed,2025-08-05,2027-06-25,2027-10-23,10397000,4.11,1996.94
P0501,Urban Enclave,Rajkot,Residential,47520,121281000,132829000,60459000,39719000,18807000,13844000,628,628,0,Patel Construction,Ongoing,2025-07-01,2027-03-21,2027-03-21,11548000,9.52,2795.22
P0502,Metro Enclave,Surat,Commercial,69772,217008000,226204000,75266000,47940000,16272000,86726000,665,675,10,Shree BuildTech,Completed,2022-12-23,2024-10-18,2024-10-28,9196000,4.24,3242.05
P0503,Metro Mall,Ahmedabad,Commercial,55106,193235000,169501000,73413000,47457000,16592000,32039000,894,914,20,Sunrise Constructions,Completed,2022-01-23,2024-07-05,2024-07-25,-23734000,-12.28,3075.91
P0504,Galaxy Industrial Park,Pune,Commercial,86121,253140000,291233000,123685000,67337000,37203000,63008000,484,574,90,Shree BuildTech,Completed,2023-06-06,2024-10-02,2024-12-31,38093000,15.05,3381.67
P0505,Galaxy Mall,Ahmedabad,Industrial,30559,62567000,69961000,32154000,18039000,5346000,14422000,666,726,60,GreenStone Projects,Completed,2025-01-28,2026-11-25,2027-01-24,7394000,11.82,2289.37
P0506,Skyline Plaza,Ahmedabad,Commercial,110595,385575000,316172000,113526000,84504000,26765000,91377000,390,480,90,GreenStone Projects,Ongoing,2024-03-12,2025-04-06,2025-07-05,-69403000,-18.0,2858.83
P0507,Metro Heights,Vadodara,Residential,38742,100400000,94526000,37056000,24203000,11073000,22194000,593,683,90,MetroBuild,Completed,2025-04-18,2026-12-02,2027-03-02,-5874000,-5.85,2439.88
P0508,Sunrise Business Park,Pune,Residential,74669,181499000,207831000,97292000,40914000,23859000,45766000,858,948,90,Urban Infra,Ongoing,2025-05-31,2027-10-06,2028-01-04,26332000,14.51,2783.36
P0509,Silver Complex,Rajkot,Industrial,140044,265138000,217413000,92531000,50691000,28071000,46120000,656,716,60,GreenStone Projects,Ongoing,2024-02-01,2025-11-18,2026-01-17,-47725000,-18.0,1552.46
P0510,Crystal Heights,Rajkot,Infrastructure,75831,237631000,269290000,102923000,66615000,36357000,63395000,353,353,0,Apex Developers,Completed,2023-03-18,2024-03-05,2024-03-05,31659000,13.32,3551.19
P0511,Royal Residency,Vadodara,Industrial,117217,211670000,212316000,72405000,59849000,17046000,63016000,178,238,60,Royal Infra,Ongoing,2024-02-08,2024-08-04,2024-10-03,646000,0.31,1811.31
P0512,Urban Complex,Gandhinagar,Infrastructure,46873,133910000,158125000,57241000,36881000,11301000,52702000,370,415,45,Sunrise Constructions,Ongoing,2024-10-12,2025-10-17,2025-12-01,24215000,18.08,3373.48
P0513,Urban Residency,Ahmedabad,Commercial,111532,373873000,381299000,157474000,110672000,47728000,65425000,205,205,0,Sunrise Constructions,Completed,2025-09-10,2026-04-03,2026-04-03,7426000,1.99,3418.74
P0514,Sunrise Industrial Park,Ahmedabad,Industrial,131267,262923000,245400000,106726000,57140000,23095000,58439000,882,882,0,Patel Construction,Completed,2023-05-31,2025-10-29,2025-10-29,-17523000,-6.66,1869.47
P0515,Shree Industrial Park,Ahmedabad,Residential,145975,331031000,349890000,118930000,86022000,42014000,102924000,509,629,120,Royal Infra,Completed,2024-11-05,2026-03-29,2026-07-27,18859000,5.7,2396.92
P0516,Green Valley Business Park,Pune,Commercial,139092,464625000,472223000,196414000,130123000,38743000,106943000,299,359,60,Patel Construction,Ongoing,2024-03-02,2024-12-26,2025-02-24,7598000,1.64,3395.04
P0517,Crystal Plaza,Mumbai,Residential,46755,121194000,111825000,45631000,27953000,12024000,26217000,838,868,30,Patel Construction,Ongoing,2022-12-02,2025-03-19,2025-04-18,-9369000,-7.73,2391.72
P0518,Sunrise Business Park,Ahmedabad,Commercial,90956,265156000,341044000,137179000,100685000,37636000,65544000,268,283,15,Royal Infra,Completed,2022-09-15,2023-06-10,2023-06-25,75888000,28.62,3749.55
P0519,Shree Complex,Rajkot,Industrial,91988,192348000,173780000,74798000,45051000,20299000,33632000,702,717,15,Shree BuildTech,Completed,2023-05-12,2025-04-13,2025-04-28,-18568000,-9.65,1889.16
P0520,Shree Business Park,Rajkot,Infrastructure,50648,128553000,105413000,47857000,25586000,11706000,20264000,240,360,120,Apex Developers,Completed,2024-06-14,2025-02-09,2025-06-09,-23140000,-18.0,2081.29
P0521,Urban Industrial Park,Gandhinagar,Commercial,130991,410081000,496118000,184396000,90706000,54402000,166614000,884,971,87,Shree BuildTech,Delayed,2022-06-09,2024-11-09,2025-02-04,86037000,20.98,3787.42
P0522,Shree Heights,Surat,Infrastructure,145588,368300000,349875000,161727000,80348000,33804000,73996000,724,729,5,Apex Developers,Completed,2026-02-07,2028-02-01,2028-02-06,-18425000,-5.0,2403.19
P0523,Crystal Business Park,Ahmedabad,Commercial,120005,352132000,346634000,119832000,74842000,26238000,125722000,375,446,71,Sunrise Constructions,Delayed,2024-05-01,2025-05-11,2025-07-21,-5498000,-1.56,2888.5
P0524,Green Valley Heights,Gandhinagar,Residential,7396,19534000,19086000,6636000,5149000,1473000,5828000,885,890,5,GreenStone Projects,Completed,2023-11-21,2026-04-24,2026-04-29,-448000,-2.29,2580.58
P0525,Metro Heights,Pune,Residential,89082,209108000,198996000,72173000,40793000,20835000,65195000,428,428,0,GreenStone Projects,Ongoing,2023-01-15,2024-03-18,2024-03-18,-10112000,-4.84,2233.85
P0526,Skyline Plaza,Ahmedabad,Commercial,133322,423836000,393344000,133393000,80489000,38730000,140732000,178,268,90,Shree BuildTech,Ongoing,2024-08-14,2025-02-08,2025-05-09,-30492000,-7.19,2950.33
P0527,Green Valley Plaza,Vadodara,Infrastructure,137663,365172000,328794000,117330000,66660000,36592000,108212000,188,218,30,Shree BuildTech,Ongoing,2023-11-22,2024-05-28,2024-06-27,-36378000,-9.96,2388.4
P0528,Shree Industrial Park,Ahmedabad,Industrial,16303,31947000,32834000,11066000,6405000,3099000,12264000,565,685,120,Shree BuildTech,Completed,2025-12-21,2027-07-09,2027-11-06,887000,2.78,2013.99
P0529,Urban Plaza,Mumbai,Industrial,76719,150264000,146021000,65926000,31733000,18257000,30105000,507,527,20,Urban Infra,Ongoing,2025-07-15,2026-12-04,2026-12-24,-4243000,-2.82,1903.32
P0530,Skyline Complex,Pune,Residential,104616,246530000,273067000,93453000,78182000,37988000,63444000,205,210,5,MetroBuild,Completed,2025-12-11,2026-07-04,2026-07-09,26537000,10.76,2610.18
P0531,Urban Residency,Ahmedabad,Industrial,129165,238853000,257465000,113173000,70286000,24178000,49828000,346,391,45,Royal Infra,Completed,2025-04-06,2026-03-18,2026-05-02,18612000,7.79,1993.3
P0532,Crystal Complex,Ahmedabad,Residential,91231,239688000,217804000,71367000,58422000,18609000,69406000,712,757,45,Apex Developers,Ongoing,2024-12-02,2026-11-14,2026-12-29,-21884000,-9.13,2387.39
P0533,Sunrise Industrial Park,Vadodara,Industrial,12314,23030000,23791000,11224000,6559000,1886000,4122000,745,858,113,GreenStone Projects,Delayed,2022-10-12,2024-10-26,2025-02-16,761000,3.3,1932.03
P0534,Silver Plaza,Rajkot,Commercial,24623,79469000,77074000,33434000,16365000,9195000,18080000,303,303,0,Apex Developers,Ongoing,2023-02-01,2023-12-01,2023-12-01,-2395000,-3.01,3130.16
P0535,Royal Business Park,Gandhinagar,Residential,110228,254581000,229378000,73650000,65715000,24201000,65812000,441,461,20,Shree BuildTech,Completed,2022-01-12,2023-03-29,2023-04-18,-25203000,-9.9,2080.94
P0536,Crystal Heights,Ahmedabad,Residential,102624,264299000,291451000,128885000,57263000,24785000,80518000,437,447,10,Urban Infra,Ongoing,2025-08-18,2026-10-29,2026-11-08,27152000,10.27,2839.99
P0537,Silver Complex,Gandhinagar,Commercial,116785,369018000,371026000,149246000,81760000,45358000,94662000,685,705,20,Shree BuildTech,Ongoing,2025-06-30,2027-05-16,2027-06-05,2008000,0.54,3177.0
P0538,Green Valley Business Park,Ahmedabad,Residential,91206,221739000,215329000,95756000,53920000,17631000,48022000,518,638,120,Apex Developers,Delayed,2023-05-14,2024-10-13,2025-02-10,-6410000,-2.89,2360.91
P0539,Galaxy Plaza,Surat,Industrial,74274,134874000,123724000,49935000,23798000,14147000,35844000,828,955,127,MetroBuild,Delayed,2024-01-24,2026-05-01,2026-09-05,-11150000,-8.27,1665.78
P0540,Crystal Enclave,Surat,Industrial,138541,294101000,263705000,111432000,70572000,29580000,52121000,412,412,0,GreenStone Projects,Ongoing,2022-02-04,2023-03-23,2023-03-23,-30396000,-10.34,1903.44
P0541,Metro Business Park,Gandhinagar,Residential,58947,136398000,171678000,76536000,38880000,22102000,34160000,412,502,90,MetroBuild,Completed,2023-12-28,2025-02-12,2025-05-13,35280000,25.87,2912.41
P0542,Shree Plaza,Ahmedabad,Industrial,53874,109481000,116060000,44662000,31815000,8636000,30947000,604,609,5,Royal Infra,Ongoing,2024-04-28,2025-12-23,2025-12-28,6579000,6.01,2154.29
P0543,Shree Plaza,Ahmedabad,Infrastructure,54708,152271000,135379000,43380000,32376000,19092000,40531000,566,571,5,Sunrise Constructions,Ongoing,2022-03-31,2023-10-18,2023-10-23,-16892000,-11.09,2474.57
P0544,Shree Mall,Ahmedabad,Residential,79553,180496000,190341000,86794000,38393000,24029000,41125000,811,899,88,Urban Infra,Delayed,2024-02-15,2026-05-06,2026-08-02,9845000,5.45,2392.63
P0545,Green Valley Business Park,Gandhinagar,Commercial,73344,252524000,289757000,110381000,77705000,25293000,76378000,531,531,0,MetroBuild,Completed,2023-08-28,2025-02-09,2025-02-09,37233000,14.74,3950.66
P0546,Sunrise Mall,Ahmedabad,Infrastructure,54138,147553000,153470000,61291000,32268000,12995000,46916000,627,717,90,Urban Infra,Completed,2024-08-27,2026-05-16,2026-08-14,5917000,4.01,2834.79
P0547,Crystal Mall,Ahmedabad,Residential,52638,137744000,163210000,52430000,38990000,17061000,54729000,853,883,30,Shree BuildTech,Completed,2024-10-18,2027-02-18,2027-03-20,25466000,18.49,3100.61
P0548,Metro Plaza,Rajkot,Commercial,83249,293398000,244947000,97669000,46311000,33167000,67800000,363,483,120,Sunrise Constructions,Ongoing,2023-02-22,2024-02-20,2024-06-19,-48451000,-16.51,2942.34
P0549,Metro Mall,Surat,Industrial,110865,229425000,188128000,89895000,47812000,25856000,24565000,539,622,83,Apex Developers,Delayed,2022-04-25,2023-10-16,2024-01-07,-41297000,-18.0,1696.91
P0550,Galaxy Enclave,Ahmedabad,Commercial,7719,22421000,23570000,8592000,6126000,2631000,6221000,273,288,15,MetroBuild,Completed,2023-09-09,2024-06-08,2024-06-23,1149000,5.12,3053.5
P0551,Sunrise Business Park,Surat,Infrastructure,47534,142841000,150437000,57658000,33915000,20890000,37974000,543,603,60,MetroBuild,Ongoing,2025-05-04,2026-10-29,2026-12-28,7596000,5.32,3164.83
P0552,Crystal Business Park,Vadodara,Industrial,97241,183002000,150062000,64519000,44198000,10570000,30775000,392,392,0,Patel Construction,Ongoing,2024-04-05,2025-05-02,2025-05-02,-32940000,-18.0,1543.2
P0553,Crystal Residency,Surat,Residential,131209,343942000,325084000,146407000,92617000,23671000,62389000,766,766,0,GreenStone Projects,Ongoing,2025-01-03,2027-02-08,2027-02-08,-18858000,-5.48,2477.6
P0554,Skyline Plaza,Pune,Industrial,97124,191982000,172584000,66752000,45727000,24670000,35435000,639,659,20,Apex Developers,Completed,2023-02-17,2024-11-17,2024-12-07,-19398000,-10.1,1776.94
P0555,Galaxy Mall,Surat,Residential,96659,251329000,214375000,79222000,56946000,28303000,49904000,247,349,102,MetroBuild,Delayed,2025-10-31,2026-07-05,2026-10-15,-36954000,-14.7,2217.85
P0556,Royal Mall,Ahmedabad,Residential,80713,195624000,175802000,82636000,36969000,18645000,37552000,492,522,30,MetroBuild,Completed,2025-12-14,2027-04-20,2027-05-20,-19822000,-10.13,2178.11
P0557,Metro Enclave,Ahmedabad,Commercial,80418,261894000,285856000,122444000,73985000,37244000,52183000,687,702,15,Apex Developers,Ongoing,2023-12-30,2025-11-16,2025-12-01,23962000,9.15,3554.63
P0558,Galaxy Mall,Vadodara,Commercial,133232,397251000,356696000,120935000,72689000,52239000,110833000,757,817,60,Sunrise Constructions,Completed,2025-07-24,2027-08-20,2027-10-19,-40555000,-10.21,2677.25
P0559,Silver Business Park,Ahmedabad,Commercial,149059,511560000,461440000,152750000,91033000,60803000,156854000,278,308,30,Urban Infra,Completed,2024-10-17,2025-07-22,2025-08-21,-50120000,-9.8,3095.69
P0560,Sunrise Enclave,Ahmedabad,Infrastructure,36575,101618000,83910000,33343000,25168000,11528000,13871000,690,774,84,Apex Developers,Delayed,2024-01-31,2025-12-21,2026-03-15,-17708000,-17.43,2294.19
P0561,Skyline Business Park,Vadodara,Infrastructure,68852,194717000,228261000,81082000,58135000,29868000,59176000,689,734,45,Urban Infra,Completed,2023-11-07,2025-09-26,2025-11-10,33544000,17.23,3315.24
P0562,Sunrise Enclave,Mumbai,Commercial,137079,470552000,504505000,181943000,116903000,42104000,163555000,771,891,120,Sunrise Constructions,Completed,2025-11-18,2027-12-29,2028-04-27,33953000,7.22,3680.4
P0563,Shree Mall,Gandhinagar,Infrastructure,81242,234699000,192453000,88611000,41297000,26306000,36239000,295,295,0,Sunrise Constructions,Ongoing,2023-04-02,2024-01-22,2024-01-22,-42246000,-18.0,2368.89
P0564,Urban Complex,Mumbai,Industrial,34257,61459000,55444000,18537000,13998000,4746000,18163000,739,739,0,Royal Infra,Ongoing,2024-07-08,2026-07-17,2026-07-17,-6015000,-9.79,1618.47
P0565,Silver Enclave,Ahmedabad,Industrial,149353,292242000,316621000,137559000,58876000,44773000,75413000,330,450,120,Shree BuildTech,Ongoing,2022-07-11,2023-06-06,2023-10-04,24379000,8.34,2119.95
P0566,Shree Complex,Surat,Infrastructure,66246,183574000,215473000,78299000,41233000,22989000,72952000,566,611,45,Patel Construction,Completed,2024-01-09,2025-07-28,2025-09-11,31899000,17.38,3252.62
P0567,Green Valley Mall,Ahmedabad,Infrastructure,6435,18077000,20263000,8949000,3727000,2516000,5071000,705,795,90,Sunrise Constructions,Completed,2025-01-27,2027-01-02,2027-04-02,2186000,12.09,3148.87
P0568,Galaxy Industrial Park,Ahmedabad,Industrial,96357,165911000,162148000,70629000,38899000,17800000,34820000,286,296,10,Royal Infra,Completed,2024-09-04,2025-06-17,2025-06-27,-3763000,-2.27,1682.78
P0569,Shree Business Park,Mumbai,Residential,141156,320551000,262852000,84424000,66258000,20376000,91794000,579,624,45,Royal Infra,Completed,2024-10-05,2026-05-07,2026-06-21,-57699000,-18.0,1862.14
P0570,Galaxy Business Park,Surat,Industrial,149579,273352000,307365000,123395000,57630000,28664000,97676000,476,550,74,Royal Infra,Delayed,2022-04-06,2023-07-26,2023-10-08,34013000,12.44,2054.87
P0571,Crystal Heights,Rajkot,Industrial,88807,178326000,175539000,60085000,46789000,26102000,42563000,423,438,15,Sunrise Constructions,Completed,2023-10-25,2024-12-21,2025-01-05,-2787000,-1.56,1976.63
P0572,Green Valley Business Park,Gandhinagar,Infrastructure,120953,305658000,314297000,144135000,65263000,46157000,58742000,352,442,90,Urban Infra,Completed,2025-04-28,2026-04-15,2026-07-14,8639000,2.83,2598.51
P0573,Galaxy Heights,Vadodara,Industrial,143563,270023000,269675000,123903000,70715000,25791000,49266000,446,446,0,Sunrise Constructions,Completed,2022-02-06,2023-04-28,2023-04-28,-348000,-0.13,1878.44
P0574,Royal Heights,Surat,Infrastructure,128797,397880000,341117000,131990000,101594000,51066000,56467000,301,361,60,Apex Developers,Completed,2025-10-24,2026-08-21,2026-10-20,-56763000,-14.27,2648.49
P0575,Green Valley Industrial Park,Gandhinagar,Infrastructure,68888,178345000,189707000,74195000,49880000,26112000,39520000,753,773,20,Shree BuildTech,Ongoing,2022-10-06,2024-10-28,2024-11-17,11362000,6.37,2753.85
P0576,Skyline Plaza,Gandhinagar,Commercial,78609,254973000,267001000,98397000,76358000,31740000,60506000,453,468,15,Shree BuildTech,Ongoing,2022-08-05,2023-11-01,2023-11-16,12028000,4.72,3396.57
P0577,Urban Heights,Ahmedabad,Industrial,14077,28700000,27808000,12087000,8170000,2036000,5515000,834,879,45,Apex Developers,Completed,2024-05-16,2026-08-28,2026-10-12,-892000,-3.11,1975.42
P0578,Sunrise Complex,Ahmedabad,Residential,25953,68974000,74253000,28022000,17703000,10553000,17975000,148,168,20,MetroBuild,Completed,2024-05-22,2024-10-17,2024-11-06,5279000,7.65,2861.06
P0579,Shree Mall,Ahmedabad,Commercial,119682,407605000,348551000,126471000,92115000,39942000,90023000,833,953,120,Sunrise Constructions,Completed,2025-07-20,2027-10-31,2028-02-28,-59054000,-14.49,2912.31
P0580,Shree Enclave,Rajkot,Infrastructure,72889,216033000,213380000,83038000,60224000,29762000,40356000,212,302,90,GreenStone Projects,Ongoing,2022-03-03,2022-10-01,2022-12-30,-2653000,-1.23,2927.47
P0581,Skyline Industrial Park,Vadodara,Infrastructure,120374,364627000,373063000,124841000,83116000,51018000,114088000,807,927,120,Patel Construction,Ongoing,2023-08-19,2025-11-03,2026-03-03,8436000,2.31,3099.2
P0582,Galaxy Industrial Park,Gandhinagar,Residential,29860,71532000,58656000,25777000,12398000,8015000,12466000,449,454,5,Royal Infra,Completed,2023-12-30,2025-03-23,2025-03-28,-12876000,-18.0,1964.37
P0583,Skyline Heights,Ahmedabad,Infrastructure,82475,248778000,252049000,81164000,74000000,31721000,65164000,842,862,20,Sunrise Constructions,Completed,2025-09-27,2028-01-17,2028-02-06,3271000,1.31,3056.07
P0584,Galaxy Heights,Pune,Industrial,92266,158082000,175161000,74114000,46795000,16345000,37907000,303,303,0,Shree BuildTech,Ongoing,2023-02-01,2023-12-01,2023-12-01,17079000,10.8,1898.43
P0585,Crystal Enclave,Mumbai,Commercial,105732,373328000,367210000,128251000,75778000,35580000,127601000,214,283,69,Patel Construction,Delayed,2023-11-30,2024-07-01,2024-09-08,-6118000,-1.64,3473.03
P0586,Crystal Residency,Ahmedabad,Infrastructure,32083,89610000,91035000,32516000,21292000,8619000,28608000,768,812,44,GreenStone Projects,Delayed,2024-11-08,2026-12-16,2027-01-29,1425000,1.59,2837.48
P0587,Green Valley Industrial Park,Gandhinagar,Infrastructure,62372,178439000,194049000,81831000,53475000,13895000,44848000,868,868,0,MetroBuild,Completed,2022-06-26,2024-11-10,2024-11-10,15610000,8.75,3111.16
P0588,Crystal Complex,Ahmedabad,Residential,128786,295510000,287668000,137756000,70665000,33544000,45703000,472,477,5,Urban Infra,Completed,2023-01-31,2024-05-17,2024-05-22,-7842000,-2.65,2233.69
P0589,Shree Industrial Park,Rajkot,Industrial,12813,25887000,25480000,11324000,6574000,3208000,4374000,384,414,30,Urban Infra,Completed,2023-03-21,2024-04-08,2024-05-08,-407000,-1.57,1988.61
P0590,Royal Enclave,Ahmedabad,Infrastructure,36598,93955000,82567000,29405000,22330000,11420000,19412000,766,796,30,GreenStone Projects,Ongoing,2025-06-10,2027-07-16,2027-08-15,-11388000,-12.12,2256.05
P0591,Crystal Mall,Gandhinagar,Residential,98106,257111000,261792000,91147000,66663000,21261000,82721000,775,879,104,Sunrise Constructions,Delayed,2022-03-17,2024-04-30,2024-08-12,4681000,1.82,2668.46
P0592,Crystal Business Park,Gandhinagar,Infrastructure,32082,97212000,95250000,43681000,23318000,10814000,17437000,138,168,30,Sunrise Constructions,Completed,2022-09-22,2023-02-07,2023-03-09,-1962000,-2.02,2968.95
P0593,Sunrise Residency,Surat,Residential,34241,77867000,84088000,32884000,22700000,5940000,22564000,862,862,0,Patel Construction,Completed,2023-03-31,2025-08-09,2025-08-09,6221000,7.99,2455.77
P0594,Shree Enclave,Rajkot,Residential,16745,43325000,47121000,16112000,12596000,3657000,14756000,765,765,0,Patel Construction,Completed,2023-12-19,2026-01-22,2026-01-22,3796000,8.76,2814.03
P0595,Green Valley Residency,Vadodara,Industrial,31029,63259000,70530000,32299000,18026000,5243000,14962000,745,865,120,MetroBuild,Completed,2024-01-05,2026-01-19,2026-05-19,7271000,11.49,2273.03
P0596,Sunrise Residency,Ahmedabad,Infrastructure,149097,433790000,416008000,187443000,92842000,53265000,82458000,618,623,5,Sunrise Constructions,Completed,2025-11-08,2027-07-19,2027-07-24,-17782000,-4.1,2790.18
P0597,Galaxy Industrial Park,Gandhinagar,Industrial,128395,239602000,196474000,93802000,44933000,15027000,42712000,258,378,120,Shree BuildTech,Ongoing,2024-04-30,2025-01-13,2025-05-13,-43128000,-18.0,1530.23
P0598,Silver Complex,Mumbai,Residential,94186,216943000,240589000,112008000,71323000,30631000,26627000,756,801,45,Urban Infra,Completed,2025-10-22,2027-11-17,2028-01-01,23646000,10.9,2554.4
P0599,Silver Plaza,Ahmedabad,Commercial,142612,433993000,465125000,212230000,89995000,41847000,121053000,835,835,0,MetroBuild,Completed,2022-05-24,2024-09-05,2024-09-05,31132000,7.17,3261.47
P0600,Sunrise Heights,Mumbai,Infrastructure,102768,279145000,263447000,86519000,55909000,36940000,84079000,692,707,15,Royal Infra,Ongoing,2024-06-03,2026-04-26,2026-05-11,-15698000,-5.62,2563.51
P0601,Galaxy Mall,Ahmedabad,Commercial,46846,164715000,178978000,60263000,42792000,24171000,51752000,881,901,20,Patel Construction,Completed,2024-12-28,2027-05-28,2027-06-17,14263000,8.66,3820.56
P0602,Skyline Plaza,Vadodara,Infrastructure,80932,207819000,175850000,72281000,49310000,25784000,28475000,644,674,30,Royal Infra,Completed,2025-01-27,2026-11-02,2026-12-02,-31969000,-15.38,2172.81
P0603,Green Valley Business Park,Ahmedabad,Industrial,28411,58426000,66818000,27064000,13340000,9401000,17013000,374,394,20,Shree BuildTech,Completed,2023-01-31,2024-02-09,2024-02-29,8392000,14.36,2351.84
P0604,Royal Industrial Park,Gandhinagar,Industrial,83797,155513000,152397000,59934000,32496000,22047000,37920000,204,271,67,Sunrise Constructions,Delayed,2024-11-14,2025-06-06,2025-08-12,-3116000,-2.0,1818.65
P0605,Galaxy Mall,Surat,Industrial,57307,110490000,101709000,39004000,19111000,14107000,29487000,577,592,15,Apex Developers,Ongoing,2024-08-05,2026-03-05,2026-03-20,-8781000,-7.95,1774.81
P0606,Green Valley Enclave,Vadodara,Industrial,139165,284188000,268670000,104511000,71122000,33710000,59327000,651,661,10,Patel Construction,Completed,2024-06-09,2026-03-22,2026-04-01,-15518000,-5.46,1930.59
P0607,Shree Plaza,Surat,Industrial,27042,56238000,55801000,22939000,11639000,4666000,16557000,681,801,120,MetroBuild,Ongoing,2026-02-01,2027-12-14,2028-04-12,-437000,-0.78,2063.49
P0608,Silver Enclave,Ahmedabad,Commercial,57930,180900000,184257000,59023000,41760000,16903000,66571000,795,855,60,Apex Developers,Completed,2025-03-20,2027-05-24,2027-07-23,3357000,1.86,3180.68
P0609,Galaxy Heights,Pune,Industrial,102883,195792000,200842000,72647000,46845000,17477000,63873000,211,216,5,Shree BuildTech,Ongoing,2025-03-13,2025-10-10,2025-10-15,5050000,2.58,1952.14
P0610,Shree Enclave,Rajkot,Residential,38756,92195000,89286000,35976000,25621000,10561000,17128000,719,719,0,Royal Infra,Ongoing,2023-07-23,2025-07-11,2025-07-11,-2909000,-3.16,2303.8
P0611,Galaxy Residency,Ahmedabad,Residential,58268,126267000,131826000,57417000,30236000,14539000,29634000,188,269,81,GreenStone Projects,Delayed,2024-11-28,2025-06-04,2025-08-24,5559000,4.4,2262.41
P0612,Sunrise Mall,Ahmedabad,Commercial,53901,166465000,169960000,59123000,33555000,23687000,53595000,156,186,30,Urban Infra,Completed,2022-04-19,2022-09-22,2022-10-22,3495000,2.1,3153.19
P0613,Green Valley Heights,Mumbai,Infrastructure,104986,294261000,277280000,112992000,67356000,40542000,56390000,884,1025,141,GreenStone Projects,Delayed,2024-12-01,2027-05-04,2027-09-22,-16981000,-5.77,2641.11
P0614,Urban Complex,Ahmedabad,Residential,133386,317066000,293038000,127270000,86609000,30004000,49155000,883,1014,131,GreenStone Projects,Delayed,2025-04-24,2027-09-24,2028-02-02,-24028000,-7.58,2196.92
P0615,Shree Industrial Park,Vadodara,Infrastructure,10626,31503000,34433000,13468000,8709000,3805000,8451000,259,348,89,GreenStone Projects,Delayed,2024-07-23,2025-04-08,2025-07-06,2930000,9.3,3240.45
P0616,Galaxy Heights,Vadodara,Commercial,143496,452142000,489633000,158804000,145914000,72329000,112586000,799,809,10,Shree BuildTech,Ongoing,2023-02-02,2025-04-11,2025-04-21,37491000,8.29,3412.17
P0617,Crystal Plaza,Ahmedabad,Infrastructure,17857,50383000,51736000,20274000,14534000,4765000,12163000,685,690,5,Urban Infra,Completed,2025-05-31,2027-04-16,2027-04-21,1353000,2.69,2897.24
P0618,Crystal Enclave,Gandhinagar,Infrastructure,138052,384425000,434748000,159740000,80131000,57992000,136885000,297,297,0,Shree BuildTech,Completed,2023-09-26,2024-07-19,2024-07-19,50323000,13.09,3149.16
P0619,Metro Business Park,Ahmedabad,Infrastructure,31431,93546000,76708000,35956000,19868000,6752000,14132000,737,797,60,GreenStone Projects,Completed,2025-03-02,2027-03-09,2027-05-08,-16838000,-18.0,2440.52
P0620,Shree Industrial Park,Vadodara,Infrastructure,89976,274570000,261465000,88882000,56061000,32557000,83965000,256,271,15,Patel Construction,Completed,2025-04-01,2025-12-13,2025-12-28,-13105000,-4.77,2905.94
P0621,Crystal Heights,Vadodara,Commercial,87711,285451000,251551000,106757000,62172000,22712000,59910000,309,319,10,GreenStone Projects,Ongoing,2025-05-23,2026-03-28,2026-04-07,-33900000,-11.88,2867.95
P0622,Urban Residency,Ahmedabad,Residential,31385,80874000,104388000,34285000,22289000,14687000,33127000,759,759,0,Patel Construction,Ongoing,2024-01-03,2026-01-31,2026-01-31,23514000,29.07,3326.05
P0623,Urban Mall,Ahmedabad,Industrial,23639,43355000,47933000,18760000,10635000,5508000,13030000,461,527,66,MetroBuild,Delayed,2022-08-23,2023-11-27,2024-02-01,4578000,10.56,2027.71
P0624,Silver Plaza,Surat,Infrastructure,90530,258326000,261042000,106671000,75906000,22156000,56309000,678,698,20,GreenStone Projects,Completed,2023-10-20,2025-08-28,2025-09-17,2716000,1.05,2883.49
P0625,Urban Heights,Ahmedabad,Residential,26563,62218000,69323000,25488000,14197000,6097000,23541000,124,139,15,Apex Developers,Completed,2024-01-21,2024-05-24,2024-06-08,7105000,11.42,2609.76
P0626,Metro Complex,Ahmedabad,Residential,120672,287042000,331233000,130112000,94366000,36273000,70482000,376,496,120,Shree BuildTech,Ongoing,2023-08-11,2024-08-21,2024-12-19,44191000,15.4,2744.9
P0627,Galaxy Enclave,Ahmedabad,Commercial,141848,481662000,555200000,192193000,101965000,81575000,179467000,781,871,90,GreenStone Projects,Completed,2024-10-29,2026-12-19,2027-03-19,73538000,15.27,3914.05
P0628,Skyline Industrial Park,Gandhinagar,Residential,144783,380130000,429777000,158442000,82047000,56546000,132742000,362,407,45,Shree BuildTech,Completed,2025-01-02,2025-12-30,2026-02-13,49647000,13.06,2968.42
P0629,Shree Complex,Vadodara,Commercial,87970,260878000,257877000,108148000,72866000,28125000,48738000,839,984,145,Royal Infra,Delayed,2024-08-11,2026-11-28,2027-04-22,-3001000,-1.15,2931.42
P0630,Galaxy Complex,Ahmedabad,Infrastructure,90553,263594000,253007000,93179000,64685000,24546000,70597000,534,594,60,GreenStone Projects,Ongoing,2023-05-07,2024-10-22,2024-12-21,-10587000,-4.02,2794.02
P0631,Sunrise Mall,Vadodara,Infrastructure,87879,252969000,228820000,106163000,61706000,26072000,34879000,746,756,10,Apex Developers,Completed,2024-07-01,2026-07-17,2026-07-27,-24149000,-9.55,2603.81
P0632,Crystal Enclave,Mumbai,Industrial,141727,249368000,269391000,113291000,55260000,34986000,65854000,826,928,102,GreenStone Projects,Delayed,2025-06-30,2027-10-04,2028-01-14,20023000,8.03,1900.77
P0633,Urban Industrial Park,Ahmedabad,Industrial,49859,89675000,89758000,35022000,21941000,11912000,20883000,462,507,45,Sunrise Constructions,Ongoing,2025-06-07,2026-09-12,2026-10-27,83000,0.09,1800.24
P0634,Galaxy Enclave,Ahmedabad,Industrial,57098,105060000,101885000,33235000,27353000,9778000,31519000,801,801,0,MetroBuild,Ongoing,2025-04-12,2027-06-22,2027-06-22,-3175000,-3.02,1784.39
P0635,Crystal Heights,Mumbai,Residential,127413,286442000,275993000,110377000,70455000,35242000,59919000,498,508,10,Royal Infra,Ongoing,2025-04-06,2026-08-17,2026-08-27,-10449000,-3.65,2166.13
P0636,Silver Complex,Pune,Infrastructure,5526,14755000,17618000,7794000,4168000,2160000,3496000,713,758,45,Shree BuildTech,Completed,2022-06-19,2024-06-01,2024-07-16,2863000,19.4,3188.2
P0637,Crystal Mall,Ahmedabad,Commercial,73760,226325000,256725000,93060000,75779000,37669000,50217000,785,805,20,Royal Infra,Ongoing,2025-11-17,2028-01-11,2028-01-31,30400000,13.43,3480.55
P0638,Royal Industrial Park,Ahmedabad,Industrial,52837,97765000,121194000,54426000,31648000,17511000,17609000,772,787,15,MetroBuild,Completed,2024-08-03,2026-09-14,2026-09-29,23429000,23.96,2293.73
P0639,Royal Residency,Ahmedabad,Commercial,16536,56348000,61052000,21996000,17640000,8129000,13287000,265,280,15,Shree BuildTech,Completed,2024-03-05,2024-11-25,2024-12-10,4704000,8.35,3692.07
P0640,Metro Business Park,Rajkot,Commercial,33541,110103000,113058000,51080000,30251000,14457000,17270000,442,589,147,Shree BuildTech,Delayed,2023-09-26,2024-12-11,2025-05-07,2955000,2.68,3370.74
P0641,Green Valley Industrial Park,Ahmedabad,Industrial,84083,178445000,181470000,60546000,48680000,16681000,55563000,241,261,20,Sunrise Constructions,Ongoing,2025-05-02,2025-12-29,2026-01-18,3025000,1.7,2158.22
P0642,Shree Industrial Park,Ahmedabad,Infrastructure,39531,109717000,98478000,45161000,18672000,13558000,21087000,371,371,0,GreenStone Projects,Ongoing,2022-01-29,2023-02-04,2023-02-04,-11239000,-10.24,2491.16
P0643,Royal Mall,Vadodara,Industrial,13712,27768000,24120000,9645000,5382000,2513000,6580000,430,514,84,Patel Construction,Delayed,2025-04-03,2026-06-07,2026-08-30,-3648000,-13.14,1759.04
P0644,Galaxy Industrial Park,Ahmedabad,Commercial,109101,381146000,411973000,151378000,116590000,37811000,106194000,720,859,139,MetroBuild,Delayed,2025-12-16,2027-12-06,2028-04-23,30827000,8.09,3776.07
P0645,Galaxy Enclave,Surat,Industrial,70455,140474000,127528000,46218000,26515000,12846000,41949000,594,739,145,Apex Developers,Delayed,2022-12-05,2024-07-21,2024-12-13,-12946000,-9.22,1810.06
P0646,Crystal Enclave,Surat,Commercial,79744,252785000,264255000,102827000,51229000,36170000,74029000,689,694,5,MetroBuild,Completed,2025-10-20,2027-09-09,2027-09-14,11470000,4.54,3313.79
P0647,Urban Complex,Surat,Commercial,134749,459566000,530273000,254450000,116200000,43424000,116199000,611,611,0,GreenStone Projects,Completed,2025-09-27,2027-05-31,2027-05-31,70707000,15.39,3935.26
P0648,Green Valley Enclave,Pune,Industrial,10109,18147000,17061000,6061000,3522000,1817000,5661000,694,739,45,Sunrise Constructions,Completed,2023-05-15,2025-04-08,2025-05-23,-1086000,-5.98,1687.7
P0649,Shree Industrial Park,Ahmedabad,Residential,54268,126604000,159680000,53735000,46472000,17467000,42006000,466,586,120,Urban Infra,Completed,2023-05-26,2024-09-03,2025-01-01,33076000,26.13,2942.43
P0650,Shree Complex,Ahmedabad,Industrial,59615,115565000,104138000,43072000,29591000,7595000,23880000,606,611,5,Royal Infra,Completed,2025-09-12,2027-05-11,2027-05-16,-11427000,-9.89,1746.84
P0651,Silver Plaza,Mumbai,Residential,87503,215591000,245520000,97758000,58915000,21031000,67816000,592,712,120,Urban Infra,Ongoing,2022-08-05,2024-03-19,2024-07-17,29929000,13.88,2805.85
P0652,Urban Business Park,Rajkot,Commercial,90708,262653000,281294000,113607000,52704000,38295000,76688000,501,516,15,Sunrise Constructions,Ongoing,2025-08-17,2026-12-31,2027-01-15,18641000,7.1,3101.09
P0653,Skyline Plaza,Ahmedabad,Commercial,107471,381023000,443241000,189135000,117790000,60485000,75831000,399,504,105,Royal Infra,Delayed,2025-03-01,2026-04-04,2026-07-18,62218000,16.33,4124.28
P0654,Sunrise Business Park,Vadodara,Residential,88309,223229000,197793000,71748000,50400000,18473000,57172000,191,221,30,GreenStone Projects,Ongoing,2024-12-29,2025-07-08,2025-08-07,-25436000,-11.39,2239.78
P0655,Shree Plaza,Rajkot,Commercial,131446,424436000,550427000,255722000,162792000,76870000,55043000,640,760,120,Sunrise Constructions,Ongoing,2025-06-29,2027-03-31,2027-07-29,125991000,29.68,4187.48
P0656,Shree Complex,Mumbai,Residential,111661,296202000,295772000,115265000,73078000,38966000,68463000,485,575,90,Patel Construction,Completed,2025-12-09,2027-04-08,2027-07-07,-430000,-0.15,2648.84
P0657,Green Valley Residency,Ahmedabad,Residential,11154,26679000,29379000,10008000,6474000,3039000,9858000,213,258,45,MetroBuild,Completed,2023-03-21,2023-10-20,2023-12-04,2700000,10.12,2633.94
P0658,Sunrise Industrial Park,Ahmedabad,Commercial,69288,247374000,295201000,129525000,71522000,38338000,55816000,492,537,45,GreenStone Projects,Completed,2024-05-25,2025-09-29,2025-11-13,47827000,19.33,4260.49
P0659,Skyline Enclave,Ahmedabad,Infrastructure,56195,159345000,150970000,63845000,44915000,22179000,20031000,458,488,30,Royal Infra,Ongoing,2025-04-20,2026-07-22,2026-08-21,-8375000,-5.26,2686.54
P0660,Urban Plaza,Pune,Residential,25581,56799000,63563000,23551000,16753000,6783000,16476000,556,616,60,MetroBuild,Completed,2022-06-16,2023-12-24,2024-02-22,6764000,11.91,2484.77
P0661,Silver Heights,Surat,Industrial,35087,71216000,66047000,27703000,17214000,5883000,15247000,455,545,90,Urban Infra,Ongoing,2022-04-01,2023-06-30,2023-09-28,-5169000,-7.26,1882.38
P0662,Green Valley Complex,Pune,Industrial,74298,148134000,175929000,62486000,36748000,25570000,51125000,783,903,120,GreenStone Projects,Ongoing,2023-12-15,2026-02-05,2026-06-05,27795000,18.76,2367.88
P0663,Shree Complex,Ahmedabad,Commercial,51167,175205000,162727000,63655000,43811000,19251000,36010000,611,731,120,Apex Developers,Completed,2022-02-08,2023-10-12,2024-02-09,-12478000,-7.12,3180.31
P0664,Metro Business Park,Mumbai,Infrastructure,44499,138218000,141621000,65699000,38242000,11106000,26574000,159,159,0,MetroBuild,Completed,2025-02-23,2025-08-01,2025-08-01,3403000,2.46,3182.57
P0665,Royal Industrial Park,Ahmedabad,Commercial,130816,448260000,473692000,161702000,103300000,54860000,153830000,478,598,120,Shree BuildTech,Completed,2026-01-14,2027-05-07,2027-09-04,25432000,5.67,3621.06
P0666,Royal Industrial Park,Gandhinagar,Infrastructure,101347,293560000,327060000,124895000,77855000,35992000,88318000,693,693,0,Royal Infra,Completed,2022-06-22,2024-05-15,2024-05-15,33500000,11.41,3227.13
P0667,Urban Complex,Surat,Residential,53787,140527000,176532000,79684000,38017000,24440000,34391000,373,383,10,Shree BuildTech,Ongoing,2023-10-15,2024-10-22,2024-11-01,36005000,25.62,3282.06
P0668,Skyline Mall,Vadodara,Residential,40488,101847000,98360000,46733000,20758000,11061000,19808000,700,700,0,Patel Construction,Ongoing,2024-01-24,2025-12-24,2025-12-24,-3487000,-3.42,2429.36
P0669,Galaxy Business Park,Ahmedabad,Residential,79441,188711000,218272000,85700000,39967000,19736000,72869000,517,517,0,Royal Infra,Ongoing,2025-05-28,2026-10-27,2026-10-27,29561000,15.66,2747.6
P0670,Metro Plaza,Ahmedabad,Residential,27431,72078000,90561000,36326000,19400000,11234000,23601000,876,991,115,GreenStone Projects,Delayed,2024-12-17,2027-05-12,2027-09-04,18483000,25.64,3301.41
P0671,Royal Industrial Park,Ahmedabad,Industrial,66681,120209000,125004000,51445000,30811000,14176000,28572000,289,289,0,Royal Infra,Ongoing,2023-04-21,2024-02-04,2024-02-04,4795000,3.99,1874.66
P0672,Silver Enclave,Ahmedabad,Industrial,127720,256554000,244748000,114830000,44102000,21695000,64121000,809,879,70,Patel Construction,Delayed,2023-04-01,2025-06-18,2025-08-27,-11806000,-4.6,1916.29
P0673,Skyline Industrial Park,Ahmedabad,Commercial,54153,189569000,155447000,71088000,33264000,18015000,33080000,820,840,20,Royal Infra,Completed,2024-04-08,2026-07-07,2026-07-27,-34122000,-18.0,2870.52
P0674,Green Valley Plaza,Pune,Infrastructure,11368,33769000,42076000,14613000,12024000,5711000,9728000,630,750,120,GreenStone Projects,Ongoing,2024-06-13,2026-03-05,2026-07-03,8307000,24.6,3701.27
P0675,Crystal Plaza,Surat,Residential,117360,296705000,293936000,114600000,73848000,21247000,84241000,379,499,120,Urban Infra,Completed,2025-10-16,2026-10-30,2027-02-27,-2769000,-0.93,2504.57
P0676,Sunrise Enclave,Ahmedabad,Residential,117755,301146000,270982000,106832000,68543000,32645000,62962000,703,713,10,Apex Developers,Completed,2024-10-21,2026-09-24,2026-10-04,-30164000,-10.02,2301.24
P0677,Metro Mall,Ahmedabad,Infrastructure,61985,173959000,149083000,66529000,34051000,14605000,33898000,578,588,10,Apex Developers,Completed,2023-01-22,2024-08-22,2024-09-01,-24876000,-14.3,2405.15
P0678,Silver Enclave,Surat,Infrastructure,55069,168428000,151520000,63102000,39573000,14154000,34691000,648,648,0,Sunrise Constructions,Ongoing,2022-12-14,2024-09-22,2024-09-22,-16908000,-10.04,2751.46
P0679,Galaxy Enclave,Mumbai,Commercial,57326,173309000,195902000,83195000,39727000,19866000,53114000,460,490,30,Patel Construction,Completed,2022-07-09,2023-10-12,2023-11-11,22593000,13.04,3417.33
P0680,Galaxy Enclave,Ahmedabad,Infrastructure,113737,295542000,338970000,162608000,94318000,33003000,49041000,176,181,5,GreenStone Projects,Completed,2023-05-20,2023-11-12,2023-11-17,43428000,14.69,2980.3
P0681,Green Valley Plaza,Rajkot,Residential,55861,129081000,141764000,47065000,27503000,19362000,47834000,337,398,61,MetroBuild,Delayed,2025-04-29,2026-04-01,2026-06-01,12683000,9.83,2537.8
P0682,Sunrise Mall,Rajkot,Residential,80897,197443000,204527000,72746000,52915000,18813000,60053000,738,748,10,Shree BuildTech,Ongoing,2025-10-24,2027-11-01,2027-11-11,7084000,3.59,2528.24
P0683,Green Valley Plaza,Ahmedabad,Residential,132118,320991000,279435000,107656000,61738000,35950000,74091000,804,804,0,MetroBuild,Ongoing,2025-12-03,2028-02-15,2028-02-15,-41556000,-12.95,2115.04
P0684,Galaxy Plaza,Mumbai,Residential,73577,190805000,177908000,66830000,47982000,13792000,49304000,850,970,120,Shree BuildTech,Ongoing,2024-04-03,2026-08-01,2026-11-29,-12897000,-6.76,2417.98
P0685,Crystal Plaza,Rajkot,Residential,14078,33416000,29647000,9590000,7292000,4332000,8433000,583,650,67,Urban Infra,Delayed,2024-07-17,2026-02-20,2026-04-28,-3769000,-11.28,2105.91
P0686,Skyline Heights,Ahmedabad,Commercial,67768,218279000,237649000,79537000,55677000,28467000,73968000,366,411,45,Shree BuildTech,Ongoing,2024-07-22,2025-07-23,2025-09-06,19370000,8.87,3506.8
P0687,Metro Industrial Park,Pune,Residential,56047,121457000,108389000,46494000,21714000,13715000,26466000,849,849,0,MetroBuild,Completed,2025-02-14,2027-06-13,2027-06-13,-13068000,-10.76,1933.89
P0688,Galaxy Heights,Ahmedabad,Commercial,76626,242786000,226833000,104500000,58164000,21287000,42882000,492,621,129,Royal Infra,Delayed,2022-05-14,2023-09-18,2024-01-25,-15953000,-6.57,2960.26
P0689,Sunrise Plaza,Ahmedabad,Residential,62660,156777000,156461000,62941000,46465000,16110000,30945000,536,536,0,MetroBuild,Ongoing,2022-02-27,2023-08-17,2023-08-17,-316000,-0.2,2496.98
P0690,Silver Industrial Park,Ahmedabad,Industrial,137997,236869000,194233000,78911000,54205000,17074000,44043000,150,150,0,Apex Developers,Completed,2023-11-16,2024-04-14,2024-04-14,-42636000,-18.0,1407.52
P0691,Silver Plaza,Mumbai,Industrial,122832,224464000,230213000,83064000,43096000,33289000,70764000,487,532,45,GreenStone Projects,Completed,2023-11-03,2025-03-04,2025-04-18,5749000,2.56,1874.21
P0692,Silver Residency,Ahmedabad,Industrial,135406,243315000,245053000,108524000,55173000,26723000,54633000,678,683,5,Apex Developers,Completed,2022-06-22,2024-04-30,2024-05-05,1738000,0.71,1809.76
P0693,Crystal Enclave,Surat,Industrial,130150,224841000,261289000,115042000,76053000,31469000,38725000,765,914,149,Patel Construction,Delayed,2024-03-25,2026-04-29,2026-09-25,36448000,16.21,2007.6
P0694,Galaxy Mall,Ahmedabad,Commercial,38320,123291000,113627000,47057000,27312000,14629000,24629000,227,317,90,Royal Infra,Completed,2025-03-18,2025-10-31,2026-01-29,-9664000,-7.84,2965.21
P0695,Metro Mall,Ahmedabad,Commercial,69881,210197000,181630000,64302000,47125000,18106000,52097000,703,778,75,MetroBuild,Delayed,2022-03-21,2024-02-22,2024-05-07,-28567000,-13.59,2599.13
P0696,Green Valley Complex,Ahmedabad,Infrastructure,95827,285348000,278246000,93358000,80556000,35506000,68826000,537,674,137,Royal Infra,Delayed,2024-06-04,2025-11-23,2026-04-09,-7102000,-2.49,2903.63
P0697,Metro Residency,Rajkot,Residential,107215,279585000,248336000,82020000,70740000,30813000,64763000,739,739,0,Royal Infra,Ongoing,2025-05-21,2027-05-30,2027-05-30,-31249000,-11.18,2316.24
P0698,Royal Industrial Park,Rajkot,Industrial,139461,270283000,276959000,114891000,66531000,35022000,60515000,517,532,15,GreenStone Projects,Ongoing,2022-07-22,2023-12-21,2024-01-05,6676000,2.47,1985.92
P0699,Green Valley Business Park,Ahmedabad,Commercial,149701,534601000,438373000,198147000,101929000,47843000,90454000,391,421,30,Urban Infra,Completed,2024-02-03,2025-02-28,2025-03-30,-96228000,-18.0,2928.32
P0700,Shree Business Park,Rajkot,Residential,66550,159577000,151177000,69138000,33374000,15214000,33451000,802,802,0,Shree BuildTech,Completed,2025-06-06,2027-08-17,2027-08-17,-8400000,-5.26,2271.63
P0701,Green Valley Business Park,Rajkot,Residential,29826,72509000,65881000,25969000,17543000,5782000,16587000,235,280,45,Patel Construction,Completed,2025-06-04,2026-01-25,2026-03-11,-6628000,-9.14,2208.84
P0702,Sunrise Residency,Ahmedabad,Commercial,105734,378148000,411475000,183305000,88236000,55948000,83986000,705,705,0,Sunrise Constructions,Ongoing,2026-01-04,2027-12-10,2027-12-10,33327000,8.81,3891.61
P0703,Urban Heights,Pune,Industrial,103511,187022000,172571000,81367000,36238000,20479000,34487000,375,375,0,Royal Infra,Completed,2025-11-26,2026-12-06,2026-12-06,-14451000,-7.73,1667.18
P0704,Urban Mall,Pune,Infrastructure,16653,51634000,42340000,15413000,9431000,4469000,13027000,200,200,0,Sunrise Constructions,Completed,2022-02-16,2022-09-04,2022-09-04,-9294000,-18.0,2542.48
P0705,Galaxy Heights,Gandhinagar,Residential,86941,189759000,188959000,72499000,38031000,27497000,50932000,899,989,90,GreenStone Projects,Completed,2025-06-10,2027-11-26,2028-02-24,-800000,-0.42,2173.42
P0706,Galaxy Industrial Park,Pune,Infrastructure,38662,108059000,114368000,53643000,30126000,8443000,22156000,247,278,31,Shree BuildTech,Delayed,2025-08-21,2026-04-25,2026-05-26,6309000,5.84,2958.15
P0707,Royal Mall,Gandhinagar,Industrial,103818,180567000,178302000,66706000,45280000,24608000,41708000,354,444,90,Shree BuildTech,Completed,2025-03-12,2026-03-01,2026-05-30,-2265000,-1.25,1717.45
P0708,Shree Heights,Mumbai,Industrial,100081,201645000,190885000,88994000,45420000,28596000,27875000,672,753,81,GreenStone Projects,Delayed,2025-12-09,2027-10-12,2028-01-01,-10760000,-5.34,1907.31
P0709,Royal Complex,Vadodara,Infrastructure,41877,121225000,113880000,54317000,25832000,16052000,17679000,300,300,0,Shree BuildTech,Completed,2025-10-28,2026-08-24,2026-08-24,-7345000,-6.06,2719.39
P0710,Sunrise Business Park,Surat,Industrial,116562,233750000,241593000,102892000,69842000,32575000,36284000,276,276,0,Apex Developers,Ongoing,2025-07-06,2026-04-08,2026-04-08,7843000,3.36,2072.66
P0711,Metro Complex,Vadodara,Residential,77715,183231000,167339000,75420000,30706000,16725000,44488000,573,593,20,Shree BuildTech,Completed,2023-10-18,2025-05-13,2025-06-02,-15892000,-8.67,2153.24
P0712,Sunrise Heights,Rajkot,Infrastructure,146398,402243000,394432000,173521000,107401000,34909000,78601000,690,750,60,Sunrise Constructions,Ongoing,2023-04-16,2025-03-06,2025-05-05,-7811000,-1.94,2694.24
P0713,Sunrise Plaza,Ahmedabad,Industrial,115091,198986000,220885000,95406000,63665000,28447000,33367000,880,880,0,Shree BuildTech,Ongoing,2024-08-28,2027-01-25,2027-01-25,21899000,11.01,1919.22
P0714,Green Valley Residency,Rajkot,Infrastructure,137632,376501000,325237000,120048000,75963000,30691000,98535000,823,823,0,MetroBuild,Completed,2024-11-01,2027-02-02,2027-02-02,-51264000,-13.62,2363.09
P0715,Skyline Enclave,Ahmedabad,Residential,84148,223048000,226340000,74496000,55698000,19031000,77115000,143,143,0,GreenStone Projects,Ongoing,2025-09-15,2026-02-05,2026-02-05,3292000,1.48,2689.78
P0716,Sunrise Complex,Ahmedabad,Industrial,88186,164777000,135117000,50654000,39635000,17960000,26868000,592,712,120,Urban Infra,Ongoing,2024-01-06,2025-08-20,2025-12-18,-29660000,-18.0,1532.18
P0717,Green Valley Plaza,Surat,Residential,128629,334302000,350132000,149405000,71943000,33264000,95520000,519,539,20,Sunrise Constructions,Ongoing,2024-02-23,2025-07-26,2025-08-15,15830000,4.74,2722.03
P0718,Metro Business Park,Ahmedabad,Industrial,75316,155309000,140173000,47155000,33980000,20067000,38971000,711,716,5,Urban Infra,Ongoing,2024-08-25,2026-08-06,2026-08-11,-15136000,-9.75,1861.13
P0719,Green Valley Residency,Ahmedabad,Commercial,33380,104905000,119838000,38577000,28398000,16448000,36415000,253,258,5,Sunrise Constructions,Completed,2022-12-24,2023-09-03,2023-09-08,14933000,14.23,3590.11
P0720,Galaxy Enclave,Ahmedabad,Industrial,115198,227421000,191663000,65616000,40442000,26413000,59192000,540,540,0,Royal Infra,Ongoing,2024-08-29,2026-02-20,2026-02-20,-35758000,-15.72,1663.77
P0721,Metro Industrial Park,Pune,Infrastructure,7356,18969000,20355000,8845000,5663000,2681000,3166000,332,429,97,Patel Construction,Delayed,2025-12-02,2026-10-30,2027-02-04,1386000,7.31,2767.13
P0722,Shree Business Park,Mumbai,Industrial,75326,132072000,154067000,72952000,44164000,21544000,15407000,601,691,90,MetroBuild,Delayed,2023-10-30,2025-06-22,2025-09-20,21995000,16.65,2045.34
P0723,Metro Industrial Park,Rajkot,Residential,97447,212989000,190906000,91118000,52276000,25669000,21843000,467,597,130,Sunrise Constructions,Delayed,2023-01-08,2024-04-19,2024-08-27,-22083000,-10.37,1959.08
P0724,Galaxy Mall,Ahmedabad,Residential,119994,295998000,271304000,108260000,55195000,32068000,75781000,285,285,0,Royal Infra,Completed,2024-10-28,2025-08-09,2025-08-09,-24694000,-8.34,2260.98
P0725,Metro Heights,Ahmedabad,Industrial,25049,47295000,42882000,19687000,8165000,4017000,11013000,467,472,5,MetroBuild,Ongoing,2025-02-19,2026-06-01,2026-06-06,-4413000,-9.33,1711.92
P0726,Crystal Industrial Park,Ahmedabad,Infrastructure,110361,315366000,303286000,132807000,76626000,42781000,51072000,517,547,30,Sunrise Constructions,Ongoing,2025-10-03,2027-03-04,2027-04-03,-12080000,-3.83,2748.13
P0727,Galaxy Heights,Ahmedabad,Commercial,21082,68450000,74069000,29640000,13840000,10166000,20423000,702,717,15,Urban Infra,Completed,2023-11-07,2025-10-09,2025-10-24,5619000,8.21,3513.38
P0728,Urban Plaza,Ahmedabad,Infrastructure,5661,15487000,14742000,6068000,3844000,1590000,3240000,845,880,35,Urban Infra,Delayed,2022-03-31,2024-07-23,2024-08-27,-745000,-4.81,2604.13
P0729,Urban Mall,Surat,Commercial,7920,26587000,23542000,8050000,5736000,1722000,8034000,554,574,20,GreenStone Projects,Ongoing,2023-11-29,2025-06-05,2025-06-25,-3045000,-11.45,2972.47
P0730,Silver Residency,Ahmedabad,Residential,84561,216518000,177545000,83451000,46079000,21498000,26517000,696,696,0,Sunrise Constructions,Completed,2025-09-01,2027-07-29,2027-07-29,-38973000,-18.0,2099.61
P0731,Shree Heights,Ahmedabad,Infrastructure,13946,35270000,42755000,16089000,10724000,3166000,12776000,340,345,5,Sunrise Constructions,Completed,2025-04-16,2026-03-22,2026-03-27,7485000,21.22,3065.75
P0732,Crystal Enclave,Rajkot,Commercial,21309,64479000,78771000,30830000,18174000,11351000,18416000,427,548,121,Apex Developers,Delayed,2023-06-24,2024-08-24,2024-12-23,14292000,22.17,3696.61
P0733,Royal Mall,Rajkot,Industrial,60230,120950000,131500000,56212000,26840000,19321000,29127000,816,876,60,MetroBuild,Completed,2024-01-02,2026-03-28,2026-05-27,10550000,8.72,2183.3
P0734,Crystal Complex,Surat,Residential,116822,276183000,254849000,95167000,55222000,21703000,82757000,838,853,15,MetroBuild,Completed,2024-05-18,2026-09-03,2026-09-18,-21334000,-7.72,2181.52
P0735,Urban Mall,Mumbai,Industrial,117340,233145000,258727000,93318000,62855000,32111000,70443000,585,585,0,MetroBuild,Completed,2022-02-10,2023-09-18,2023-09-18,25582000,10.97,2204.93
P0736,Royal Heights,Pune,Residential,64321,150717000,170890000,71939000,44128000,13224000,41599000,218,263,45,MetroBuild,Completed,2024-01-10,2024-08-15,2024-09-29,20173000,13.38,2656.83
P0737,Crystal Industrial Park,Ahmedabad,Infrastructure,137028,378294000,374318000,121278000,102390000,48048000,102602000,361,448,87,Patel Construction,Delayed,2023-05-17,2024-05-12,2024-08-07,-3976000,-1.05,2731.69
P0738,Galaxy Enclave,Rajkot,Infrastructure,79131,207145000,212316000,92425000,57763000,20761000,41367000,277,337,60,Patel Construction,Completed,2024-08-16,2025-05-20,2025-07-19,5171000,2.5,2683.1
P0739,Crystal Enclave,Surat,Residential,30963,71102000,83034000,33400000,24638000,10336000,14660000,729,729,0,Royal Infra,Ongoing,2025-03-14,2027-03-13,2027-03-13,11932000,16.78,2681.72
P0740,Green Valley Business Park,Ahmedabad,Residential,106757,264721000,217904000,90849000,46697000,21753000,58605000,673,747,74,Shree BuildTech,Delayed,2025-05-09,2027-03-13,2027-05-26,-46817000,-17.69,2041.12
P0741,Shree Residency,Ahmedabad,Residential,104259,249045000,283864000,119535000,53518000,23176000,87635000,770,770,0,Sunrise Constructions,Ongoing,2024-07-17,2026-08-26,2026-08-26,34819000,13.98,2722.68
P0742,Silver Enclave,Ahmedabad,Infrastructure,44063,132056000,129798000,52481000,28748000,13303000,35266000,346,361,15,Sunrise Constructions,Completed,2023-04-06,2024-03-17,2024-04-01,-2258000,-1.71,2945.74
P0743,Sunrise Residency,Vadodara,Commercial,119225,414929000,367831000,151990000,99018000,29064000,87759000,542,662,120,Sunrise Constructions,Ongoing,2024-01-02,2025-06-27,2025-10-25,-47098000,-11.35,3085.18
P0744,Green Valley Mall,Rajkot,Industrial,121400,235080000,210717000,90483000,49007000,24475000,46752000,191,251,60,Sunrise Constructions,Completed,2024-01-22,2024-07-31,2024-09-29,-24363000,-10.36,1735.72
P0745,Royal Heights,Mumbai,Industrial,85818,173949000,159378000,70206000,44329000,11679000,33164000,362,362,0,MetroBuild,Completed,2024-07-13,2025-07-10,2025-07-10,-14571000,-8.38,1857.16
P0746,Green Valley Plaza,Surat,Infrastructure,9703,26286000,22995000,10035000,5655000,2580000,4725000,649,679,30,MetroBuild,Ongoing,2024-06-27,2026-04-07,2026-05-07,-3291000,-12.52,2369.89
P0747,Metro Business Park,Pune,Industrial,77099,145213000,178985000,82179000,52188000,25221000,19397000,708,718,10,Patel Construction,Ongoing,2025-06-30,2027-06-08,2027-06-18,33772000,23.26,2321.5
P0748,Sunrise Heights,Mumbai,Residential,36585,92792000,100117000,35072000,29409000,13719000,21917000,164,179,15,Urban Infra,Ongoing,2023-01-25,2023-07-08,2023-07-23,7325000,7.89,2736.56
P0749,Crystal Residency,Ahmedabad,Commercial,48585,153135000,175759000,67524000,33098000,24716000,50421000,591,718,127,Apex Developers,Delayed,2024-06-01,2026-01-13,2026-05-20,22624000,14.77,3617.56
P0750,Green Valley Business Park,Rajkot,Industrial,31958,62510000,67979000,32062000,15959000,9773000,10185000,490,490,0,MetroBuild,Ongoing,2022-09-13,2024-01-16,2024-01-16,5469000,8.75,2127.14
P0751,Urban Mall,Ahmedabad,Commercial,31017,93377000,95931000,36785000,24286000,7517000,27343000,771,891,120,MetroBuild,Ongoing,2023-12-10,2026-01-19,2026-05-19,2554000,2.74,3092.85
P0752,Galaxy Residency,Ahmedabad,Residential,129677,321168000,330472000,112354000,69632000,26537000,121949000,808,915,107,GreenStone Projects,Delayed,2023-03-26,2025-06-11,2025-09-26,9304000,2.9,2548.42
P0753,Royal Mall,Pune,Industrial,148273,306942000,298439000,120591000,68298000,34189000,75361000,853,853,0,MetroBuild,Completed,2022-01-10,2024-05-12,2024-05-12,-8503000,-2.77,2012.77
P0754,Galaxy Mall,Ahmedabad,Infrastructure,34426,105174000,103292000,34863000,26992000,14618000,26819000,211,226,15,Urban Infra,Completed,2024-04-03,2024-10-31,2024-11-15,-1882000,-1.79,3000.41
P0755,Green Valley Business Park,Surat,Commercial,22778,77216000,65713000,23161000,13616000,9722000,19214000,141,201,60,Urban Infra,Ongoing,2024-03-08,2024-07-27,2024-09-25,-11503000,-14.9,2884.93
P0756,Urban Business Park,Mumbai,Residential,47229,120611000,138681000,66530000,34981000,10221000,26949000,291,301,10,Patel Construction,Ongoing,2025-06-19,2026-04-06,2026-04-16,18070000,14.98,2936.35
P0757,Galaxy Heights,Surat,Commercial,91652,299957000,245965000,100014000,64859000,24218000,56874000,723,843,120,MetroBuild,Completed,2025-06-28,2027-06-21,2027-10-19,-53992000,-18.0,2683.68
P0758,Skyline Complex,Ahmedabad,Industrial,133267,260456000,232579000,84996000,44390000,20242000,82951000,311,316,5,Royal Infra,Completed,2024-05-26,2025-04-02,2025-04-07,-27877000,-10.7,1745.21
P0759,Green Valley Enclave,Ahmedabad,Industrial,131503,232217000,292929000,140361000,70216000,38221000,44131000,196,256,60,GreenStone Projects,Completed,2024-10-25,2025-05-09,2025-07-08,60712000,26.14,2227.55
P0760,Shree Enclave,Mumbai,Infrastructure,89878,251067000,260191000,123500000,55049000,31539000,50103000,400,400,0,Apex Developers,Ongoing,2025-02-16,2026-03-23,2026-03-23,9124000,3.63,2894.94
P0761,Urban Business Park,Ahmedabad,Residential,62056,148811000,154961000,60515000,41363000,12334000,40749000,483,531,48,Sunrise Constructions,Delayed,2024-10-12,2026-02-07,2026-03-27,6150000,4.13,2497.12
P0762,Urban Residency,Surat,Residential,24975,66586000,73010000,26405000,14803000,7935000,23867000,298,418,120,MetroBuild,Delayed,2023-01-09,2023-11-03,2024-03-02,6424000,9.65,2923.32
P0763,Urban Complex,Ahmedabad,Infrastructure,147633,411239000,343450000,155976000,98594000,42875000,46005000,357,377,20,Patel Construction,Ongoing,2024-12-24,2025-12-16,2026-01-05,-67789000,-16.48,2326.38
P0764,Shree Business Park,Rajkot,Infrastructure,93397,266966000,227654000,98916000,52750000,30123000,45865000,254,384,130,Patel Construction,Delayed,2022-05-26,2023-02-04,2023-06-14,-39312000,-14.73,2437.49
P0765,Green Valley Mall,Pune,Residential,38142,93126000,90017000,38699000,18342000,6446000,26530000,399,399,0,Royal Infra,Completed,2022-08-12,2023-09-15,2023-09-15,-3109000,-3.34,2360.05
P0766,Metro Plaza,Ahmedabad,Commercial,31916,106225000,96834000,44824000,22520000,13677000,15813000,138,153,15,Apex Developers,Completed,2025-06-16,2025-11-01,2025-11-16,-9391000,-8.84,3034.03
P0767,Royal Heights,Ahmedabad,Commercial,69324,236170000,238769000,102744000,54690000,27588000,53747000,714,744,30,GreenStone Projects,Completed,2022-06-26,2024-06-09,2024-07-09,2599000,1.1,3444.25
P0768,Sunrise Industrial Park,Ahmedabad,Infrastructure,130932,348099000,375343000,137153000,86881000,50654000,100655000,859,879,20,Shree BuildTech,Ongoing,2024-05-02,2026-09-08,2026-09-28,27244000,7.83,2866.7
P0769,Royal Mall,Pune,Commercial,140720,457653000,543097000,234085000,135919000,73120000,99973000,490,490,0,Patel Construction,Completed,2025-07-29,2026-12-01,2026-12-01,85444000,18.67,3859.42
P0770,Sunrise Plaza,Mumbai,Residential,101059,262358000,293141000,108149000,71099000,24972000,88921000,896,906,10,Urban Infra,Ongoing,2022-03-04,2024-08-16,2024-08-26,30783000,11.73,2900.69
P0771,Sunrise Business Park,Rajkot,Industrial,103317,196672000,177140000,78203000,35069000,13961000,49907000,231,231,0,Urban Infra,Ongoing,2025-05-25,2026-01-11,2026-01-11,-19532000,-9.93,1714.53
P0772,Skyline Enclave,Vadodara,Industrial,40046,73140000,71312000,29891000,13397000,9107000,18917000,882,897,15,Sunrise Constructions,Completed,2024-04-06,2026-09-05,2026-09-20,-1828000,-2.5,1780.75
P0773,Green Valley Enclave,Ahmedabad,Commercial,106459,355670000,335172000,111406000,89669000,27656000,106441000,795,940,145,Patel Construction,Delayed,2024-03-05,2026-05-09,2026-10-01,-20498000,-5.76,3148.37
P0774,Crystal Plaza,Mumbai,Infrastructure,50893,154076000,138362000,55629000,34198000,19093000,29442000,799,819,20,GreenStone Projects,Ongoing,2023-11-20,2026-01-27,2026-02-16,-15714000,-10.2,2718.68
P0775,Sunrise Mall,Mumbai,Infrastructure,106520,272573000,237329000,88981000,52943000,30401000,65004000,340,340,0,Sunrise Constructions,Completed,2026-01-24,2026-12-30,2026-12-30,-35244000,-12.93,2228.02
P0776,Shree Business Park,Pune,Infrastructure,130818,392258000,478444000,178255000,132530000,65712000,101947000,423,443,20,Patel Construction,Completed,2022-04-15,2023-06-12,2023-07-02,86186000,21.97,3657.33
P0777,Sunrise Heights,Pune,Infrastructure,66272,200548000,204815000,85277000,46404000,19236000,53898000,822,832,10,Apex Developers,Ongoing,2025-01-27,2027-04-29,2027-05-09,4267000,2.13,3090.52
P0778,Crystal Heights,Gandhinagar,Infrastructure,72649,203729000,202322000,75177000,55743000,19287000,52115000,444,474,30,MetroBuild,Completed,2023-05-26,2024-08-12,2024-09-11,-1407000,-0.69,2784.92
P0779,Sunrise Plaza,Ahmedabad,Commercial,69674,248893000,268334000,119222000,58145000,33192000,57775000,556,676,120,GreenStone Projects,Completed,2023-01-20,2024-07-29,2024-11-26,19441000,7.81,3851.28
P0780,Green Valley Industrial Park,Rajkot,Industrial,149832,305484000,331160000,109722000,62504000,24014000,134920000,557,587,30,Patel Construction,Ongoing,2023-02-09,2024-08-19,2024-09-18,25676000,8.41,2210.21
P0781,Skyline Residency,Ahmedabad,Industrial,91475,186004000,214697000,91388000,62674000,27507000,33128000,289,408,119,GreenStone Projects,Delayed,2024-04-02,2025-01-16,2025-05-15,28693000,15.43,2347.06
P0782,Metro Mall,Ahmedabad,Commercial,66367,226078000,210424000,94580000,47839000,28799000,39206000,494,509,15,Shree BuildTech,Completed,2023-06-02,2024-10-08,2024-10-23,-15654000,-6.92,3170.61
P0783,Crystal Industrial Park,Rajkot,Infrastructure,148660,388415000,414954000,177456000,114163000,42829000,80506000,676,793,117,GreenStone Projects,Delayed,2023-04-21,2025-02-25,2025-06-22,26539000,6.83,2791.3
P0784,Royal Plaza,Gandhinagar,Commercial,126750,384424000,350079000,139876000,74741000,45927000,89535000,500,609,109,GreenStone Projects,Delayed,2023-12-10,2025-04-23,2025-08-10,-34345000,-8.93,2761.96
P0785,Crystal Heights,Gandhinagar,Industrial,123154,234479000,233818000,110374000,60223000,19633000,43588000,133,253,120,Urban Infra,Completed,2024-02-10,2024-06-22,2024-10-20,-661000,-0.28,1898.58
P0786,Royal Heights,Rajkot,Residential,49738,114367000,117433000,43214000,33445000,11248000,29526000,862,952,90,Apex Developers,Ongoing,2025-12-31,2028-05-11,2028-08-09,3066000,2.68,2361.03
P0787,Green Valley Mall,Pune,Commercial,38397,121808000,126502000,40869000,23403000,18715000,43515000,788,833,45,MetroBuild,Completed,2024-11-12,2027-01-09,2027-02-23,4694000,3.85,3294.58
P0788,Sunrise Complex,Mumbai,Infrastructure,87189,267434000,276323000,107522000,77281000,41146000,50374000,619,619,0,MetroBuild,Completed,2024-09-23,2026-06-04,2026-06-04,8889000,3.32,3169.24
P0789,Urban Plaza,Vadodara,Industrial,81367,167174000,186603000,60699000,46382000,20715000,58807000,765,765,0,Urban Infra,Ongoing,2023-11-08,2025-12-12,2025-12-12,19429000,11.62,2293.35
P0790,Galaxy Industrial Park,Rajkot,Industrial,125585,247824000,235027000,111081000,59438000,34018000,30490000,510,600,90,GreenStone Projects,Ongoing,2023-12-15,2025-05-08,2025-08-06,-12797000,-5.16,1871.46
P0791,Green Valley Plaza,Ahmedabad,Industrial,81619,168845000,175903000,62197000,42706000,19669000,51331000,668,678,10,MetroBuild,Completed,2026-01-21,2027-11-20,2027-11-30,7058000,4.18,2155.17
P0792,Royal Plaza,Ahmedabad,Industrial,116453,237287000,220423000,98359000,62807000,20571000,38686000,684,777,93,Sunrise Constructions,Delayed,2022-03-24,2024-02-06,2024-05-09,-16864000,-7.11,1892.81
P0793,Galaxy Industrial Park,Ahmedabad,Infrastructure,24816,69094000,93277000,41409000,17276000,8521000,26071000,649,664,15,Apex Developers,Ongoing,2025-03-14,2026-12-23,2027-01-07,24183000,35.0,3758.74
P0794,Urban Mall,Gandhinagar,Residential,142348,322584000,293699000,104215000,62065000,42399000,85020000,611,722,111,Shree BuildTech,Delayed,2025-01-13,2026-09-16,2027-01-05,-28885000,-8.95,2063.25
P0795,Urban Residency,Ahmedabad,Industrial,84530,162715000,152288000,63869000,43416000,12761000,32242000,669,699,30,Urban Infra,Completed,2025-01-06,2026-11-06,2026-12-06,-10427000,-6.41,1801.59
P0796,Skyline Mall,Ahmedabad,Commercial,113856,386917000,435637000,142755000,117745000,50695000,124442000,818,893,75,Patel Construction,Delayed,2023-04-02,2025-06-28,2025-09-11,48720000,12.59,3826.21
P0797,Crystal Industrial Park,Mumbai,Residential,76635,183191000,177414000,70499000,32310000,20304000,54301000,504,504,0,Patel Construction,Completed,2022-01-01,2023-05-20,2023-05-20,-5777000,-3.15,2315.05
P0798,Metro Heights,Pune,Industrial,112803,224333000,252591000,81421000,61137000,32627000,77406000,315,435,120,Patel Construction,Completed,2022-02-20,2023-01-01,2023-05-01,28258000,12.6,2239.22
P0799,Shree Plaza,Ahmedabad,Residential,40946,90483000,93954000,43913000,22882000,10329000,16830000,874,894,20,Royal Infra,Ongoing,2023-11-16,2026-04-08,2026-04-28,3471000,3.84,2294.58
P0800,Metro Business Park,Gandhinagar,Commercial,60204,205091000,199270000,94887000,45455000,18290000,40638000,419,419,0,Apex Developers,Ongoing,2023-12-18,2025-02-09,2025-02-09,-5821000,-2.84,3309.91
P0801,Silver Mall,Ahmedabad,Industrial,20563,42148000,39184000,13932000,8451000,3274000,13527000,666,711,45,Shree BuildTech,Ongoing,2026-01-09,2027-11-06,2027-12-21,-2964000,-7.03,1905.56
P0802,Sunrise Mall,Ahmedabad,Commercial,97324,328723000,304180000,107466000,79636000,36400000,80678000,846,866,20,MetroBuild,Completed,2023-03-25,2025-07-18,2025-08-07,-24543000,-7.47,3125.44
P0803,Metro Business Park,Vadodara,Infrastructure,14847,46261000,45008000,19830000,9224000,5739000,10215000,850,865,15,Shree BuildTech,Completed,2024-05-30,2026-09-27,2026-10-12,-1253000,-2.71,3031.45
P0804,Sunrise Heights,Rajkot,Industrial,31155,64040000,63981000,23068000,17651000,7394000,15868000,721,721,0,Shree BuildTech,Ongoing,2023-05-03,2025-04-23,2025-04-23,-59000,-0.09,2053.64
P0805,Shree Industrial Park,Surat,Industrial,84671,176750000,162641000,75337000,44948000,20992000,21364000,427,427,0,Urban Infra,Completed,2022-02-03,2023-04-06,2023-04-06,-14109000,-7.98,1920.86
P0806,Royal Enclave,Ahmedabad,Industrial,121891,255999000,257763000,106154000,59242000,20962000,71405000,371,371,0,Apex Developers,Ongoing,2025-10-03,2026-10-09,2026-10-09,1764000,0.69,2114.7
P0807,Royal Heights,Surat,Industrial,88310,180591000,160492000,60365000,34349000,22565000,43213000,127,187,60,Patel Construction,Completed,2022-04-05,2022-08-10,2022-10-09,-20099000,-11.13,1817.37
P0808,Galaxy Residency,Ahmedabad,Infrastructure,136691,401235000,445655000,201985000,95399000,51960000,96311000,887,943,56,Urban Infra,Delayed,2024-12-31,2027-06-06,2027-08-01,44420000,11.07,3260.31
P0809,Galaxy Business Park,Pune,Industrial,39707,67994000,77084000,30752000,18336000,6178000,21818000,327,372,45,MetroBuild,Ongoing,2022-06-03,2023-04-26,2023-06-10,9090000,13.37,1941.32
P0810,Shree Heights,Rajkot,Residential,86537,208204000,194771000,90736000,51877000,20832000,31326000,250,265,15,Shree BuildTech,Ongoing,2022-09-07,2023-05-15,2023-05-30,-13433000,-6.45,2250.73
P0811,Sunrise Mall,Ahmedabad,Industrial,96155,187382000,174037000,81533000,38821000,23945000,29738000,855,920,65,GreenStone Projects,Delayed,2023-11-05,2026-03-09,2026-05-13,-13345000,-7.12,1809.96
P0812,Silver Enclave,Ahmedabad,Infrastructure,5281,14297000,14888000,5158000,3770000,2111000,3849000,828,948,120,Patel Construction,Ongoing,2023-03-14,2025-06-19,2025-10-17,591000,4.13,2819.16
P0813,Silver Business Park,Gandhinagar,Industrial,137130,252726000,296155000,94880000,66901000,27001000,107373000,773,773,0,Royal Infra,Completed,2022-04-28,2024-06-09,2024-06-09,43429000,17.18,2159.67
P0814,Shree Industrial Park,Surat,Residential,81260,216760000,259765000,124019000,56250000,32965000,46531000,883,893,10,Apex Developers,Completed,2024-02-10,2026-07-12,2026-07-22,43005000,19.84,3196.71
P0815,Royal Complex,Mumbai,Infrastructure,145272,445882000,379745000,176575000,69487000,29620000,104063000,727,757,30,Sunrise Constructions,Ongoing,2025-08-22,2027-08-19,2027-09-18,-66137000,-14.83,2614.03
P0816,Silver Mall,Ahmedabad,Infrastructure,69178,210515000,240146000,78977000,43339000,17455000,100375000,145,265,120,Royal Infra,Completed,2022-09-25,2023-02-17,2023-06-17,29631000,14.08,3471.42
P0817,Royal Mall,Ahmedabad,Residential,38997,92593000,93761000,42501000,19433000,10767000,21060000,742,742,0,Shree BuildTech,Ongoing,2024-12-13,2026-12-25,2026-12-25,1168000,1.26,2404.31
P0818,Skyline Complex,Gandhinagar,Residential,124273,269329000,273352000,107495000,62534000,34329000,68994000,573,583,10,Shree BuildTech,Completed,2022-08-24,2024-03-19,2024-03-29,4023000,1.49,2199.61
P0819,Crystal Enclave,Ahmedabad,Residential,137311,302408000,326772000,118106000,92199000,43677000,72790000,754,769,15,Shree BuildTech,Completed,2023-01-24,2025-02-16,2025-03-03,24364000,8.06,2379.79
P0820,Shree Plaza,Surat,Residential,131945,306751000,295182000,135961000,81417000,28697000,49107000,305,365,60,Shree BuildTech,Ongoing,2024-09-16,2025-07-18,2025-09-16,-11569000,-3.77,2237.16
P0821,Crystal Residency,Rajkot,Residential,50272,109005000,125531000,44120000,26620000,8853000,45938000,603,660,57,Patel Construction,Delayed,2024-02-02,2025-09-27,2025-11-23,16526000,15.16,2497.04
P0822,Silver Heights,Rajkot,Infrastructure,94393,238868000,284462000,134143000,59551000,30825000,59943000,799,829,30,Apex Developers,Ongoing,2023-02-05,2025-04-14,2025-05-14,45594000,19.09,3013.59
P0823,Urban Enclave,Ahmedabad,Infrastructure,66212,204239000,244138000,86156000,50605000,17399000,89978000,170,281,111,Royal Infra,Delayed,2023-09-16,2024-03-04,2024-06-23,39899000,19.54,3687.22
P0824,Shree Plaza,Ahmedabad,Industrial,125030,250707000,205580000,85971000,45373000,15903000,58333000,124,175,51,Urban Infra,Delayed,2024-02-06,2024-06-09,2024-07-30,-45127000,-18.0,1644.25
P0825,Shree Business Park,Pune,Industrial,61503,113113000,112258000,39929000,26918000,10792000,34619000,708,713,5,Patel Construction,Completed,2025-08-19,2027-07-28,2027-08-02,-855000,-0.76,1825.24
P0826,Shree Industrial Park,Ahmedabad,Commercial,142710,424331000,347951000,141723000,80947000,36526000,88755000,279,399,120,Apex Developers,Completed,2024-07-07,2025-04-12,2025-08-10,-76380000,-18.0,2438.17
P0827,Shree Plaza,Vadodara,Industrial,11570,22259000,20660000,8872000,4260000,1908000,5620000,327,372,45,Royal Infra,Ongoing,2025-05-15,2026-04-07,2026-05-22,-1599000,-7.18,1785.65
P0828,Crystal Enclave,Surat,Industrial,73785,126337000,103596000,36304000,20269000,12074000,34949000,376,494,118,Urban Infra,Delayed,2025-06-06,2026-06-17,2026-10-13,-22741000,-18.0,1404.03
P0829,Urban Business Park,Ahmedabad,Residential,14110,37469000,40243000,16232000,7304000,2995000,13712000,324,344,20,Shree BuildTech,Ongoing,2024-05-02,2025-03-22,2025-04-11,2774000,7.4,2852.09
P0830,Urban Enclave,Ahmedabad,Residential,84141,200173000,209444000,82741000,41570000,17084000,68049000,886,974,88,Apex Developers,Delayed,2023-08-01,2026-01-03,2026-04-01,9271000,4.63,2489.2
P0831,Galaxy Plaza,Surat,Industrial,17115,32145000,31119000,10312000,8235000,3909000,8663000,130,135,5,Shree BuildTech,Completed,2022-03-16,2022-07-24,2022-07-29,-1026000,-3.19,1818.23
P0832,Crystal Industrial Park,Surat,Commercial,44062,139015000,128598000,57989000,26907000,10464000,33238000,127,127,0,GreenStone Projects,Completed,2023-03-11,2023-07-16,2023-07-16,-10417000,-7.49,2918.57
P0833,Crystal Industrial Park,Ahmedabad,Residential,27911,61309000,64846000,24234000,15319000,7858000,17435000,528,558,30,Apex Developers,Ongoing,2022-04-13,2023-09-23,2023-10-23,3537000,5.77,2323.31
P0834,Crystal Enclave,Surat,Industrial,109061,215594000,193739000,79808000,48620000,14409000,50902000,151,166,15,MetroBuild,Completed,2025-12-16,2026-05-16,2026-05-31,-21855000,-10.14,1776.43
P0835,Galaxy Industrial Park,Pune,Industrial,37556,75728000,67433000,27133000,19314000,6918000,14068000,659,779,120,Sunrise Constructions,Completed,2024-02-03,2025-11-23,2026-03-23,-8295000,-10.95,1795.53
P0836,Green Valley Industrial Park,Surat,Infrastructure,133335,391537000,342873000,137877000,98289000,28867000,77840000,837,837,0,Shree BuildTech,Completed,2024-01-08,2026-04-24,2026-04-24,-48664000,-12.43,2571.52
P0837,Galaxy Residency,Mumbai,Commercial,6969,20750000,20657000,6965000,5567000,1627000,6498000,506,526,20,Shree BuildTech,Completed,2024-03-16,2025-08-04,2025-08-24,-93000,-0.45,2964.13
P0838,Galaxy Enclave,Mumbai,Infrastructure,48753,140241000,133246000,51667000,24546000,15372000,41661000,347,407,60,Shree BuildTech,Ongoing,2025-08-22,2026-08-04,2026-10-03,-6995000,-4.99,2733.08
P0839,Galaxy Enclave,Gandhinagar,Commercial,140542,461107000,449068000,176205000,111822000,64786000,96255000,759,899,140,MetroBuild,Delayed,2022-04-08,2024-05-06,2024-09-23,-12039000,-2.61,3195.26
P0840,Crystal Business Park,Ahmedabad,Residential,126863,332193000,359638000,157299000,98681000,26751000,76907000,886,967,81,Patel Construction,Delayed,2024-03-08,2026-08-11,2026-10-31,27445000,8.26,2834.85
P0841,Sunrise Industrial Park,Mumbai,Commercial,15225,47912000,54409000,24724000,9906000,5644000,14135000,594,594,0,Urban Infra,Ongoing,2025-09-20,2027-05-07,2027-05-07,6497000,13.56,3573.66
P0842,Green Valley Business Park,Ahmedabad,Industrial,128008,238771000,285106000,116094000,70125000,36095000,62792000,843,873,30,Shree BuildTech,Completed,2024-05-08,2026-08-29,2026-09-28,46335000,19.41,2227.25
P0843,Metro Plaza,Rajkot,Industrial,110823,218160000,224098000,74823000,63404000,23982000,61889000,870,870,0,Shree BuildTech,Ongoing,2023-03-11,2025-07-28,2025-07-28,5938000,2.72,2022.13
P0844,Silver Residency,Pune,Commercial,18669,62087000,65918000,23592000,15615000,8867000,17844000,326,326,0,Royal Infra,Completed,2023-03-23,2024-02-12,2024-02-12,3831000,6.17,3530.88
P0845,Sunrise Industrial Park,Ahmedabad,Commercial,129398,415416000,433138000,150034000,78178000,36545000,168381000,437,452,15,Royal Infra,Completed,2025-08-24,2026-11-04,2026-11-19,17722000,4.27,3347.33
P0846,Metro Plaza,Ahmedabad,Commercial,115677,369231000,302769000,102923000,54899000,44437000,100510000,876,886,10,Patel Construction,Completed,2022-09-06,2025-01-29,2025-02-08,-66462000,-18.0,2617.37
P0847,Silver Complex,Mumbai,Infrastructure,53320,150597000,146928000,55619000,33793000,14812000,42704000,676,795,119,Patel Construction,Delayed,2022-06-15,2024-04-21,2024-08-18,-3669000,-2.44,2755.59
P0848,Shree Enclave,Pune,Commercial,130354,454437000,443616000,158239000,88103000,43175000,154099000,736,875,139,Sunrise Constructions,Delayed,2024-09-10,2026-09-16,2027-02-02,-10821000,-2.38,3403.16
P0849,Royal Industrial Park,Rajkot,Residential,93009,223547000,214315000,76067000,55665000,29997000,52586000,467,487,20,Apex Developers,Ongoing,2025-09-20,2026-12-31,2027-01-20,-9232000,-4.13,2304.24
P0850,Metro Enclave,Ahmedabad,Infrastructure,33625,104204000,105776000,34774000,28037000,12176000,30789000,353,353,0,Shree BuildTech,Ongoing,2024-10-16,2025-10-04,2025-10-04,1572000,1.51,3145.75
P0851,Silver Enclave,Pune,Infrastructure,29089,82335000,81813000,26411000,16473000,9107000,29822000,820,940,120,Apex Developers,Completed,2023-06-26,2025-09-23,2026-01-21,-522000,-0.63,2812.51
P0852,Galaxy Mall,Gandhinagar,Commercial,41487,147206000,132727000,44655000,38043000,17010000,33019000,163,183,20,GreenStone Projects,Ongoing,2024-01-29,2024-07-10,2024-07-30,-14479000,-9.84,3199.24
P0853,Green Valley Business Park,Ahmedabad,Residential,115448,300134000,300697000,104508000,70071000,34997000,91121000,856,856,0,Patel Construction,Ongoing,2025-02-03,2027-06-09,2027-06-09,563000,0.19,2604.61
P0854,Silver Plaza,Gandhinagar,Infrastructure,55138,151258000,142684000,55498000,28129000,11843000,47214000,261,261,0,Patel Construction,Completed,2022-03-22,2022-12-08,2022-12-08,-8574000,-5.67,2587.76
P0855,Skyline Industrial Park,Ahmedabad,Industrial,59061,122315000,100298000,40288000,27252000,12431000,20327000,767,857,90,Sunrise Constructions,Completed,2022-05-13,2024-06-18,2024-09-16,-22017000,-18.0,1698.21
P0856,Silver Heights,Rajkot,Infrastructure,106376,275280000,234635000,80361000,64477000,18930000,70867000,295,401,106,Urban Infra,Delayed,2024-03-07,2024-12-27,2025-04-12,-40645000,-14.76,2205.71
P0857,Sunrise Heights,Surat,Commercial,84134,297097000,306209000,118798000,78609000,41176000,67626000,773,893,120,MetroBuild,Ongoing,2024-06-18,2026-07-31,2026-11-28,9112000,3.07,3639.54
P0858,Green Valley Industrial Park,Vadodara,Residential,52055,129800000,149403000,55978000,42194000,22288000,28943000,568,670,102,MetroBuild,Delayed,2022-05-18,2023-12-07,2024-03-18,19603000,15.1,2870.1
P0859,Sunrise Plaza,Pune,Commercial,24508,71521000,58647000,20488000,15746000,5876000,16537000,711,801,90,MetroBuild,Ongoing,2022-07-03,2024-06-13,2024-09-11,-12874000,-18.0,2392.97
P0860,Silver Plaza,Pune,Industrial,115169,227954000,208704000,67014000,59661000,22035000,59994000,201,278,77,Patel Construction,Delayed,2025-11-25,2026-06-14,2026-08-30,-19250000,-8.44,1812.15
P0861,Shree Plaza,Surat,Industrial,13125,27789000,29784000,11756000,6912000,2196000,8920000,254,274,20,Shree BuildTech,Completed,2025-09-15,2026-05-27,2026-06-16,1995000,7.18,2269.26
P0862,Crystal Business Park,Ahmedabad,Industrial,41059,71409000,80363000,34532000,21675000,5714000,18442000,838,958,120,Royal Infra,Completed,2024-02-24,2026-06-11,2026-10-09,8954000,12.54,1957.26
P0863,Green Valley Business Park,Ahmedabad,Commercial,108409,354552000,343769000,122452000,103120000,49404000,68793000,296,296,0,Sunrise Constructions,Completed,2024-09-10,2025-07-03,2025-07-03,-10783000,-3.04,3171.04
P0864,Galaxy Mall,Ahmedabad,Infrastructure,10704,31905000,29929000,10208000,7991000,2403000,9327000,502,502,0,Urban Infra,Completed,2022-03-10,2023-07-25,2023-07-25,-1976000,-6.19,2796.06
P0865,Royal Heights,Pune,Commercial,116279,401212000,467960000,216163000,90645000,49446000,111706000,362,382,20,GreenStone Projects,Ongoing,2023-06-30,2024-06-26,2024-07-16,66748000,16.64,4024.46
P0866,Urban Residency,Mumbai,Residential,123516,293783000,327724000,119293000,79374000,44318000,84739000,686,686,0,MetroBuild,Ongoing,2022-02-22,2024-01-09,2024-01-09,33941000,11.55,2653.29
P0867,Silver Mall,Mumbai,Infrastructure,119044,314963000,353714000,125844000,88599000,49925000,89346000,260,275,15,Sunrise Constructions,Ongoing,2026-01-13,2026-09-30,2026-10-15,38751000,12.3,2971.29
P0868,Metro Enclave,Ahmedabad,Industrial,34165,59027000,56892000,26007000,11430000,6346000,13109000,576,666,90,Royal Infra,Completed,2022-07-24,2024-02-20,2024-05-20,-2135000,-3.62,1665.21
P0869,Sunrise Heights,Ahmedabad,Commercial,72203,237413000,273890000,123452000,80947000,31553000,37938000,559,661,102,Royal Infra,Delayed,2022-05-06,2023-11-16,2024-02-26,36477000,15.36,3793.33
P0870,Sunrise Residency,Mumbai,Industrial,9114,17310000,14194000,5560000,2854000,1754000,4026000,175,265,90,Patel Construction,Completed,2022-02-12,2022-08-06,2022-11-04,-3116000,-18.0,1557.38
P0871,Sunrise Mall,Mumbai,Industrial,41321,87046000,100603000,40068000,20252000,14780000,25503000,646,706,60,MetroBuild,Completed,2022-04-21,2024-01-27,2024-03-27,13557000,15.57,2434.67
P0872,Galaxy Heights,Ahmedabad,Residential,78297,171627000,173689000,61632000,50339000,20532000,41186000,816,846,30,Urban Infra,Ongoing,2024-01-31,2026-04-26,2026-05-26,2062000,1.2,2218.34
P0873,Shree Business Park,Ahmedabad,Infrastructure,101652,299081000,309690000,102981000,73033000,35539000,98137000,538,558,20,GreenStone Projects,Ongoing,2025-04-21,2026-10-11,2026-10-31,10609000,3.55,3046.57
P0874,Shree Enclave,Ahmedabad,Residential,104304,226672000,205494000,84612000,38547000,14624000,67711000,207,212,5,Apex Developers,Completed,2024-04-27,2024-11-20,2024-11-25,-21178000,-9.34,1970.14
P0875,Metro Enclave,Pune,Residential,22772,51249000,42024000,14109000,10581000,3214000,14120000,728,728,0,Royal Infra,Completed,2022-04-05,2024-04-02,2024-04-02,-9225000,-18.0,1845.42
P0876,Sunrise Heights,Gandhinagar,Residential,108754,260954000,269546000,105631000,67985000,31314000,64616000,775,775,0,Royal Infra,Ongoing,2025-10-29,2027-12-13,2027-12-13,8592000,3.29,2478.49
P0877,Shree Mall,Ahmedabad,Industrial,8712,16554000,17980000,8459000,3376000,2605000,3540000,127,132,5,GreenStone Projects,Completed,2024-06-18,2024-10-23,2024-10-28,1426000,8.61,2063.82
P0878,Sunrise Industrial Park,Pune,Residential,137439,346628000,382789000,179160000,112513000,52838000,38278000,596,606,10,Royal Infra,Completed,2022-12-26,2024-08-13,2024-08-23,36161000,10.43,2785.16
P0879,Galaxy Residency,Gandhinagar,Residential,120142,317246000,346234000,124053000,84926000,51453000,85802000,334,454,120,Urban Infra,Ongoing,2024-06-18,2025-05-18,2025-09-15,28988000,9.14,2881.87
P0880,Urban Plaza,Rajkot,Infrastructure,96736,281854000,299943000,125934000,74139000,33662000,66208000,804,824,20,GreenStone Projects,Completed,2022-10-08,2024-12-20,2025-01-09,18089000,6.42,3100.63
P0881,Royal Plaza,Rajkot,Infrastructure,56924,176884000,160813000,63658000,38983000,21394000,36778000,854,859,5,Shree BuildTech,Completed,2025-05-03,2027-09-04,2027-09-09,-16071000,-9.09,2825.05
P0882,Metro Enclave,Ahmedabad,Residential,8726,22910000,25478000,11723000,6453000,3496000,3806000,671,731,60,MetroBuild,Completed,2025-05-03,2027-03-05,2027-05-04,2568000,11.21,2919.78
P0883,Metro Heights,Vadodara,Infrastructure,94152,271163000,242888000,88273000,51423000,29594000,73598000,616,736,120,MetroBuild,Delayed,2023-10-29,2025-07-06,2025-11-03,-28275000,-10.43,2579.74
P0884,Urban Mall,Vadodara,Infrastructure,32723,99269000,114442000,36689000,24544000,11112000,42097000,813,881,68,Apex Developers,Delayed,2022-04-03,2024-06-24,2024-08-31,15173000,15.28,3497.3
P0885,Royal Mall,Gandhinagar,Residential,131969,329828000,333101000,115256000,80397000,35841000,101607000,622,712,90,GreenStone Projects,Completed,2023-11-03,2025-07-17,2025-10-15,3273000,0.99,2524.09
P0886,Shree Complex,Mumbai,Industrial,105494,183859000,186417000,70079000,51601000,25844000,38893000,818,878,60,Apex Developers,Completed,2022-03-02,2024-05-28,2024-07-27,2558000,1.39,1767.09
P0887,Crystal Residency,Ahmedabad,Residential,145180,370357000,416248000,154226000,77415000,39079000,145528000,364,384,20,GreenStone Projects,Completed,2023-09-26,2024-09-24,2024-10-14,45891000,12.39,2867.12
P0888,Silver Complex,Gandhinagar,Infrastructure,40643,104796000,119486000,53365000,30159000,17194000,18768000,597,597,0,MetroBuild,Completed,2024-12-10,2026-07-30,2026-07-30,14690000,14.02,2939.89
P0889,Galaxy Business Park,Ahmedabad,Industrial,108896,213254000,237240000,101750000,65671000,20968000,48851000,428,518,90,Shree BuildTech,Ongoing,2025-11-27,2027-01-29,2027-04-29,23986000,11.25,2178.59
P0890,Galaxy Enclave,Gandhinagar,Commercial,144999,489322000,450932000,165911000,89659000,58604000,136758000,350,350,0,Royal Infra,Ongoing,2024-10-25,2025-10-10,2025-10-10,-38390000,-7.85,3109.9
P0891,Royal Complex,Rajkot,Industrial,98680,171487000,190611000,74956000,34654000,22958000,58043000,502,532,30,GreenStone Projects,Completed,2026-01-29,2027-06-15,2027-07-15,19124000,11.15,1931.61
P0892,Royal Mall,Ahmedabad,Infrastructure,101546,270333000,249308000,83590000,54231000,32402000,79085000,274,394,120,Apex Developers,Completed,2023-08-27,2024-05-27,2024-09-24,-21025000,-7.78,2455.12
P0893,Shree Industrial Park,Ahmedabad,Industrial,84973,177827000,198197000,91905000,49664000,20808000,35820000,294,354,60,Patel Construction,Completed,2023-11-13,2024-09-02,2024-11-01,20370000,11.45,2332.47
P0894,Urban Plaza,Ahmedabad,Residential,68449,170124000,144432000,67835000,28394000,20886000,27317000,234,294,60,Royal Infra,Completed,2023-06-18,2024-02-07,2024-04-07,-25692000,-15.1,2110.07
P0895,Urban Complex,Rajkot,Commercial,114834,350632000,353703000,168634000,81753000,42656000,60660000,509,569,60,MetroBuild,Completed,2025-11-29,2027-04-22,2027-06-21,3071000,0.88,3080.12
P0896,Urban Plaza,Vadodara,Commercial,30537,102795000,94725000,43476000,23329000,8815000,19105000,430,440,10,Urban Infra,Ongoing,2024-04-17,2025-06-21,2025-07-01,-8070000,-7.85,3101.97
P0897,Galaxy Residency,Surat,Commercial,82576,272512000,306410000,106580000,77174000,37099000,85557000,419,479,60,Urban Infra,Ongoing,2023-10-07,2024-11-29,2025-01-28,33898000,12.44,3710.64
P0898,Urban Plaza,Ahmedabad,Infrastructure,112522,318321000,367285000,120246000,78206000,34137000,134696000,137,137,0,Royal Infra,Ongoing,2022-08-21,2023-01-05,2023-01-05,48964000,15.38,3264.12
P0899,Crystal Residency,Pune,Infrastructure,27612,86186000,89968000,37133000,20513000,8411000,23911000,131,141,10,Shree BuildTech,Completed,2023-06-08,2023-10-17,2023-10-27,3782000,4.39,3258.29
P0900,Skyline Enclave,Ahmedabad,Commercial,11471,38556000,40096000,18685000,10962000,4089000,6360000,523,553,30,Patel Construction,Ongoing,2022-12-12,2024-05-18,2024-06-17,1540000,3.99,3495.42
P0901,Urban Heights,Ahmedabad,Industrial,36348,67859000,74950000,26111000,21956000,10358000,16525000,823,838,15,Apex Developers,Completed,2024-12-05,2027-03-08,2027-03-23,7091000,10.45,2062.01
P0902,Shree Industrial Park,Pune,Commercial,6177,21269000,24556000,7886000,6960000,2702000,7008000,351,351,0,GreenStone Projects,Completed,2023-06-30,2024-06-15,2024-06-15,3287000,15.45,3975.39
P0903,Galaxy Enclave,Rajkot,Industrial,140832,292896000,300065000,134693000,74330000,37302000,53740000,724,754,30,MetroBuild,Ongoing,2025-01-06,2026-12-31,2027-01-30,7169000,2.45,2130.66
P0904,Sunrise Industrial Park,Rajkot,Industrial,37779,66580000,63919000,21239000,14652000,6479000,21549000,849,894,45,Urban Infra,Completed,2025-01-01,2027-04-30,2027-06-14,-2661000,-4.0,1691.92
P0905,Silver Enclave,Vadodara,Infrastructure,26636,70413000,77290000,29849000,17000000,7040000,23401000,397,407,10,Urban Infra,Ongoing,2024-03-04,2025-04-05,2025-04-15,6877000,9.77,2901.71
P0906,Silver Enclave,Surat,Industrial,86889,156433000,128275000,54981000,25013000,18776000,29505000,472,472,0,Urban Infra,Ongoing,2022-09-06,2023-12-22,2023-12-22,-28158000,-18.0,1476.31
P0907,Silver Residency,Ahmedabad,Commercial,58551,197119000,222579000,79658000,42910000,26328000,73683000,422,569,147,Urban Infra,Delayed,2022-02-16,2023-04-14,2023-09-08,25460000,12.92,3801.46
P0908,Royal Heights,Ahmedabad,Infrastructure,147628,426862000,399021000,133047000,104784000,57745000,103445000,660,749,89,Sunrise Constructions,Delayed,2025-02-18,2026-12-10,2027-03-09,-27841000,-6.52,2702.88
P0909,Sunrise Plaza,Mumbai,Residential,147635,367143000,363902000,161283000,76847000,31395000,94377000,589,589,0,Shree BuildTech,Completed,2022-08-02,2024-03-13,2024-03-13,-3241000,-0.88,2464.88
P0910,Silver Plaza,Ahmedabad,Residential,51819,137669000,155556000,65462000,32754000,12717000,44623000,196,256,60,Apex Developers,Delayed,2022-08-27,2023-03-11,2023-05-10,17887000,12.99,3001.91
P0911,Crystal Business Park,Ahmedabad,Infrastructure,78770,236149000,229097000,107583000,67450000,31154000,22910000,640,760,120,MetroBuild,Ongoing,2024-12-15,2026-09-16,2027-01-14,-7052000,-2.99,2908.43
P0912,Urban Mall,Ahmedabad,Commercial,83714,248636000,272925000,102371000,55281000,33972000,81301000,143,143,0,MetroBuild,Ongoing,2022-12-16,2023-05-08,2023-05-08,24289000,9.77,3260.21
P0913,Galaxy Residency,Vadodara,Residential,29596,69358000,80224000,26464000,15866000,6813000,31081000,134,194,60,MetroBuild,Completed,2022-04-17,2022-08-29,2022-10-28,10866000,15.67,2710.64
P0914,Galaxy Industrial Park,Ahmedabad,Residential,69106,165156000,170640000,74654000,32736000,15622000,47628000,795,872,77,Apex Developers,Delayed,2024-04-10,2026-06-14,2026-08-30,5484000,3.32,2469.25
P0915,Galaxy Industrial Park,Ahmedabad,Industrial,64182,120374000,127280000,51355000,31766000,17062000,27097000,644,644,0,Shree BuildTech,Completed,2022-02-17,2023-11-23,2023-11-23,6906000,5.74,1983.11
P0916,Sunrise Business Park,Ahmedabad,Industrial,92163,183383000,184422000,65306000,47091000,19606000,52419000,466,612,146,Royal Infra,Delayed,2022-12-03,2024-03-13,2024-08-06,1039000,0.57,2001.04
P0917,Urban Industrial Park,Ahmedabad,Commercial,44310,155435000,160700000,71524000,35969000,19869000,33338000,291,411,120,Royal Infra,Completed,2024-11-15,2025-09-02,2025-12-31,5265000,3.39,3626.72
P0918,Shree Mall,Ahmedabad,Infrastructure,61088,165459000,146602000,51692000,35807000,13996000,45107000,446,536,90,Patel Construction,Ongoing,2024-03-14,2025-06-03,2025-09-01,-18857000,-11.4,2399.85
P0919,Crystal Heights,Ahmedabad,Commercial,133803,437338000,430669000,155776000,118265000,43282000,113346000,831,891,60,GreenStone Projects,Completed,2025-07-04,2027-10-13,2027-12-12,-6669000,-1.52,3218.68
P0920,Silver Complex,Pune,Infrastructure,144978,435844000,377186000,126284000,104923000,56298000,89681000,604,614,10,Royal Infra,Completed,2022-01-08,2023-09-04,2023-09-14,-58658000,-13.46,2601.68
P0921,Silver Business Park,Rajkot,Residential,41914,99745000,90982000,34929000,26835000,8171000,21047000,608,653,45,GreenStone Projects,Completed,2023-09-17,2025-05-17,2025-07-01,-8763000,-8.79,2170.68
P0922,Skyline Residency,Gandhinagar,Industrial,115350,205355000,168391000,65172000,46966000,18610000,37643000,581,581,0,Shree BuildTech,Completed,2025-06-30,2027-02-01,2027-02-01,-36964000,-18.0,1459.83
P0923,Royal Business Park,Rajkot,Commercial,50379,161937000,170305000,68519000,42198000,23426000,36162000,497,617,120,Urban Infra,Completed,2023-12-20,2025-04-30,2025-08-28,8368000,5.17,3380.48
P0924,Green Valley Complex,Ahmedabad,Commercial,51413,150068000,183532000,79549000,36992000,16360000,50631000,707,717,10,GreenStone Projects,Completed,2022-10-30,2024-10-06,2024-10-16,33464000,22.3,3569.76
P0925,Shree Industrial Park,Ahmedabad,Infrastructure,142084,440533000,425232000,197723000,81632000,43891000,101986000,283,283,0,Urban Infra,Ongoing,2023-10-01,2024-07-10,2024-07-10,-15301000,-3.47,2992.82
P0926,Urban Residency,Ahmedabad,Infrastructure,12151,31181000,35416000,12114000,6607000,4222000,12473000,491,536,45,Shree BuildTech,Delayed,2022-02-25,2023-07-01,2023-08-15,4235000,13.58,2914.66
P0927,Shree Business Park,Ahmedabad,Commercial,62716,199981000,230995000,75927000,60055000,25062000,69951000,692,707,15,Shree BuildTech,Ongoing,2023-12-27,2025-11-18,2025-12-03,31014000,15.51,3683.19
P0928,Green Valley Mall,Ahmedabad,Infrastructure,98747,281074000,246250000,79530000,68188000,26290000,72242000,543,543,0,Apex Developers,Completed,2023-06-10,2024-12-04,2024-12-04,-34824000,-12.39,2493.75
P0929,Urban Business Park,Ahmedabad,Commercial,149539,534401000,482000000,165316000,116182000,47718000,152784000,876,876,0,Apex Developers,Completed,2023-04-19,2025-09-11,2025-09-11,-52401000,-9.81,3223.24
P0930,Crystal Heights,Ahmedabad,Commercial,126999,380601000,433465000,184340000,80870000,50686000,117569000,596,626,30,Sunrise Constructions,Completed,2022-01-28,2023-09-16,2023-10-16,52864000,13.89,3413.14
P0931,Shree Complex,Rajkot,Commercial,119793,354654000,357817000,156150000,87399000,42920000,71348000,501,531,30,MetroBuild,Delayed,2022-03-19,2023-08-02,2023-09-01,3163000,0.89,2986.96
P0932,Urban Plaza,Ahmedabad,Residential,113177,244983000,211936000,94490000,61947000,25912000,29587000,274,394,120,Sunrise Constructions,Delayed,2025-05-24,2026-02-22,2026-06-22,-33047000,-13.49,1872.61
P0933,Silver Heights,Ahmedabad,Infrastructure,17289,45225000,42673000,15319000,10741000,3227000,13386000,376,376,0,MetroBuild,Completed,2025-11-10,2026-11-21,2026-11-21,-2552000,-5.64,2468.22
P0934,Urban Residency,Ahmedabad,Industrial,91365,164150000,175699000,64823000,48692000,21169000,41015000,875,935,60,Urban Infra,Completed,2022-12-31,2025-05-24,2025-07-23,11549000,7.04,1923.04
P0935,Sunrise Heights,Vadodara,Industrial,119014,234884000,217204000,86295000,59952000,31768000,39189000,793,870,77,Sunrise Constructions,Delayed,2023-10-28,2025-12-29,2026-03-16,-17680000,-7.53,1825.03
P0936,Green Valley Residency,Ahmedabad,Infrastructure,77588,206022000,168938000,55768000,49305000,19137000,44728000,187,278,91,Sunrise Constructions,Delayed,2023-06-10,2023-12-14,2024-03-14,-37084000,-18.0,2177.37
P0937,Metro Mall,Gandhinagar,Commercial,68646,198692000,194988000,81463000,53120000,24807000,35598000,463,561,98,Patel Construction,Delayed,2023-11-30,2025-03-07,2025-06-13,-3704000,-1.86,2840.49
P0938,Royal Complex,Vadodara,Industrial,8654,17789000,17630000,8417000,4755000,2019000,2439000,396,444,48,Shree BuildTech,Delayed,2025-08-28,2026-09-28,2026-11-15,-159000,-0.89,2037.21
P0939,Sunrise Mall,Ahmedabad,Industrial,23743,44229000,45163000,17059000,9398000,6250000,12456000,792,792,0,Apex Developers,Completed,2024-06-01,2026-08-02,2026-08-02,934000,2.11,1902.16
P0940,Green Valley Industrial Park,Ahmedabad,Infrastructure,53368,146115000,171110000,75366000,32030000,24703000,39011000,510,520,10,Sunrise Constructions,Completed,2024-10-27,2026-03-21,2026-03-31,24995000,17.11,3206.23
P0941,Metro Business Park,Surat,Industrial,142513,261716000,268631000,107454000,65039000,22763000,73375000,568,573,5,Apex Developers,Completed,2024-10-23,2026-05-14,2026-05-19,6915000,2.64,1884.96
P0942,Shree Business Park,Surat,Commercial,124735,444888000,466755000,158907000,90986000,48985000,167877000,378,398,20,MetroBuild,Completed,2024-07-07,2025-07-20,2025-08-09,21867000,4.92,3741.97
P0943,Urban Heights,Surat,Infrastructure,124891,327813000,375892000,155303000,111062000,38112000,71415000,426,436,10,Sunrise Constructions,Completed,2024-01-20,2025-03-21,2025-03-31,48079000,14.67,3009.76
P0944,Crystal Plaza,Gandhinagar,Commercial,112971,396795000,405223000,149114000,87038000,41502000,127569000,214,244,30,MetroBuild,Ongoing,2022-12-29,2023-07-31,2023-08-30,8428000,2.12,3586.96
P0945,Shree Complex,Gandhinagar,Industrial,17149,34893000,44537000,14497000,12575000,3565000,13900000,583,703,120,Royal Infra,Completed,2025-07-21,2027-02-24,2027-06-24,9644000,27.64,2597.06
P0946,Silver Industrial Park,Surat,Industrial,105102,183084000,158982000,67025000,36012000,21477000,34468000,365,455,90,Royal Infra,Completed,2024-03-16,2025-03-16,2025-06-14,-24102000,-13.16,1512.64
P0947,Urban Business Park,Pune,Commercial,64189,229454000,208322000,95293000,45577000,15179000,52273000,852,852,0,Sunrise Constructions,Completed,2024-01-09,2026-05-10,2026-05-10,-21132000,-9.21,3245.45
P0948,Crystal Industrial Park,Ahmedabad,Residential,76031,175121000,191525000,71853000,55967000,21500000,42205000,754,764,10,Royal Infra,Completed,2024-11-04,2026-11-28,2026-12-08,16404000,9.37,2519.04
P0949,Royal Business Park,Vadodara,Industrial,47668,83477000,97711000,37369000,21848000,12014000,26480000,306,311,5,GreenStone Projects,Completed,2025-04-30,2026-03-02,2026-03-07,14234000,17.05,2049.82
P0950,Metro Enclave,Vadodara,Residential,149745,389019000,387426000,179209000,87882000,33550000,86785000,893,893,0,Urban Infra,Ongoing,2023-04-30,2025-10-09,2025-10-09,-1593000,-0.41,2587.24
P0951,Shree Enclave,Ahmedabad,Industrial,93204,186910000,167981000,75621000,32375000,23932000,36053000,492,623,131,Patel Construction,Delayed,2022-01-28,2023-06-04,2023-10-13,-18929000,-10.13,1802.29
P0952,Urban Complex,Rajkot,Residential,145507,361715000,445386000,193472000,116002000,61055000,74857000,691,751,60,MetroBuild,Completed,2023-12-15,2025-11-05,2026-01-04,83671000,23.13,3060.92
P0953,Green Valley Business Park,Pune,Residential,42384,95040000,87904000,31629000,18870000,9466000,27939000,525,525,0,Shree BuildTech,Ongoing,2024-11-28,2026-05-07,2026-05-07,-7136000,-7.51,2073.99
P0954,Skyline Plaza,Surat,Residential,86929,209729000,222457000,103584000,55675000,22889000,40309000,527,557,30,Shree BuildTech,Completed,2025-07-20,2026-12-29,2027-01-28,12728000,6.07,2559.07
P0955,Crystal Plaza,Ahmedabad,Commercial,132959,455984000,537012000,185112000,134770000,47754000,169376000,244,244,0,Urban Infra,Ongoing,2025-06-08,2026-02-07,2026-02-07,81028000,17.77,4038.93
P0956,Skyline Plaza,Ahmedabad,Residential,81153,188300000,182087000,76528000,48490000,23380000,33689000,456,456,0,Royal Infra,Completed,2022-03-27,2023-06-26,2023-06-26,-6213000,-3.3,2243.75
P0957,Crystal Residency,Vadodara,Residential,80388,186868000,176655000,57344000,47596000,14228000,57487000,460,505,45,Urban Infra,Completed,2026-02-06,2027-05-12,2027-06-26,-10213000,-5.47,2197.53
P0958,Skyline Heights,Ahmedabad,Residential,36401,78687000,75033000,31739000,18138000,9336000,15820000,682,727,45,Royal Infra,Delayed,2022-05-06,2024-03-18,2024-05-02,-3654000,-4.64,2061.29
P0959,Skyline Mall,Ahmedabad,Industrial,124503,221968000,250421000,91239000,55022000,34407000,69753000,297,312,15,GreenStone Projects,Completed,2024-03-22,2025-01-13,2025-01-28,28453000,12.82,2011.37
P0960,Crystal Complex,Ahmedabad,Residential,132834,348319000,399598000,156622000,112085000,35276000,95615000,770,830,60,Shree BuildTech,Completed,2023-06-21,2025-07-30,2025-09-28,51279000,14.72,3008.25
P0961,Urban Heights,Ahmedabad,Industrial,39084,74051000,75832000,28455000,16469000,10564000,20344000,289,289,0,MetroBuild,Completed,2022-05-25,2023-03-10,2023-03-10,1781000,2.41,1940.23
P0962,Galaxy Complex,Ahmedabad,Residential,115641,309880000,386101000,134225000,93012000,28056000,130808000,158,188,30,Shree BuildTech,Completed,2025-05-20,2025-10-25,2025-11-24,76221000,24.6,3338.79
P0963,Silver Heights,Ahmedabad,Residential,110111,260846000,267064000,112038000,60931000,38196000,55899000,188,188,0,Patel Construction,Completed,2022-01-25,2022-08-01,2022-08-01,6218000,2.38,2425.41
P0964,Metro Enclave,Ahmedabad,Commercial,143299,484851000,569739000,262716000,161014000,45277000,100732000,355,463,108,Sunrise Constructions,Delayed,2025-11-18,2026-11-08,2027-02-24,84888000,17.51,3975.88
P0965,Galaxy Residency,Gandhinagar,Industrial,41041,75016000,72627000,34386000,16837000,8836000,12568000,679,709,30,Royal Infra,Ongoing,2022-03-08,2024-01-16,2024-02-15,-2389000,-3.18,1769.62
P0966,Shree Business Park,Gandhinagar,Residential,93920,220908000,287192000,100740000,65001000,25849000,95602000,500,500,0,Patel Construction,Ongoing,2022-08-21,2024-01-03,2024-01-03,66284000,30.01,3057.84
P0967,Royal Business Park,Surat,Industrial,70681,126499000,152863000,66462000,40169000,20931000,25301000,176,186,10,GreenStone Projects,Completed,2022-04-19,2022-10-12,2022-10-22,26364000,20.84,2162.72
P0968,Sunrise Industrial Park,Ahmedabad,Industrial,86571,160595000,161341000,68779000,40705000,17906000,33951000,396,441,45,GreenStone Projects,Completed,2025-03-15,2026-04-15,2026-05-30,746000,0.46,1863.68
P0969,Galaxy Residency,Surat,Infrastructure,132556,378726000,451496000,169284000,87080000,36490000,158642000,218,218,0,Royal Infra,Completed,2022-04-21,2022-11-25,2022-11-25,72770000,19.21,3406.08
P0970,Metro Heights,Ahmedabad,Commercial,31160,111497000,132244000,42722000,31868000,15298000,42356000,646,691,45,Royal Infra,Completed,2022-08-16,2024-05-23,2024-07-07,20747000,18.61,4244.03
P0971,Metro Plaza,Surat,Commercial,22633,75766000,91401000,39336000,24519000,9381000,18165000,444,449,5,Shree BuildTech,Ongoing,2022-04-21,2023-07-09,2023-07-14,15635000,20.64,4038.4
P0972,Crystal Complex,Ahmedabad,Commercial,22014,66488000,54520000,25694000,16304000,6701000,5821000,580,585,5,Sunrise Constructions,Completed,2026-02-02,2027-09-05,2027-09-10,-11968000,-18.0,2476.61
P0973,Galaxy Residency,Vadodara,Infrastructure,85532,217910000,241079000,101528000,61595000,33884000,44072000,298,337,39,Shree BuildTech,Delayed,2022-02-03,2022-11-28,2023-01-06,23169000,10.63,2818.58
P0974,Skyline Plaza,Ahmedabad,Infrastructure,54104,140553000,152511000,59425000,34229000,15671000,43186000,693,753,60,Patel Construction,Completed,2023-09-15,2025-08-08,2025-10-07,11958000,8.51,2818.85
P0975,Green Valley Plaza,Ahmedabad,Commercial,82231,269392000,290008000,117170000,60072000,27026000,85740000,238,358,120,Patel Construction,Completed,2025-10-24,2026-06-19,2026-10-17,20616000,7.65,3526.75
P0976,Urban Business Park,Surat,Infrastructure,73388,219528000,229671000,80831000,65396000,16344000,67100000,588,633,45,Royal Infra,Completed,2024-01-18,2025-08-28,2025-10-12,10143000,4.62,3129.54
P0977,Skyline Complex,Ahmedabad,Infrastructure,21014,65129000,68368000,30088000,18989000,7930000,11361000,668,683,15,MetroBuild,Completed,2023-08-18,2025-06-16,2025-07-01,3239000,4.97,3253.45
P0978,Green Valley Plaza,Vadodara,Infrastructure,97578,246848000,289794000,127343000,60298000,29612000,72541000,765,855,90,MetroBuild,Completed,2023-03-01,2025-04-04,2025-07-03,42946000,17.4,2969.87
P0979,Skyline Complex,Ahmedabad,Commercial,45390,147428000,159921000,54898000,32636000,15988000,56399000,574,604,30,Patel Construction,Completed,2023-09-05,2025-04-01,2025-05-01,12493000,8.47,3523.27
P0980,Green Valley Enclave,Ahmedabad,Commercial,28711,92205000,96449000,44413000,25638000,8163000,18235000,145,265,120,Sunrise Constructions,Completed,2023-11-23,2024-04-16,2024-08-14,4244000,4.6,3359.3
P0981,Sunrise Industrial Park,Pune,Commercial,96658,323018000,373643000,135659000,81377000,39010000,117597000,609,614,5,Royal Infra,Ongoing,2025-07-29,2027-03-30,2027-04-04,50625000,15.67,3865.62
P0982,Silver Heights,Mumbai,Infrastructure,62993,180456000,193117000,92148000,41862000,28727000,30380000,127,127,0,GreenStone Projects,Ongoing,2025-09-05,2026-01-10,2026-01-10,12661000,7.02,3065.69
P0983,Urban Complex,Ahmedabad,Commercial,12421,41780000,45190000,17229000,8960000,4240000,14761000,635,635,0,MetroBuild,Completed,2026-01-06,2027-10-03,2027-10-03,3410000,8.16,3638.19
P0984,Skyline Plaza,Rajkot,Infrastructure,22727,66485000,82710000,28821000,17508000,9758000,26623000,652,712,60,MetroBuild,Completed,2022-11-11,2024-08-24,2024-10-23,16225000,24.4,3639.28
P0985,Royal Industrial Park,Ahmedabad,Residential,117418,260877000,252493000,95007000,58402000,33359000,65725000,268,288,20,Apex Developers,Ongoing,2024-05-26,2025-02-18,2025-03-10,-8384000,-3.21,2150.38
P0986,Crystal Residency,Ahmedabad,Infrastructure,9358,28192000,23628000,9225000,6331000,3070000,5002000,607,641,34,Apex Developers,Delayed,2025-11-01,2027-07-01,2027-08-04,-4564000,-16.19,2524.9
P0987,Crystal Residency,Pune,Industrial,70108,123496000,127038000,42061000,27994000,12234000,44749000,144,174,30,MetroBuild,Ongoing,2025-08-05,2025-12-27,2026-01-26,3542000,2.87,1812.03
P0988,Urban Enclave,Rajkot,Commercial,99018,333865000,349138000,144025000,76612000,41502000,86999000,774,774,0,Shree BuildTech,Completed,2025-12-31,2028-02-13,2028-02-13,15273000,4.57,3526.01
P0989,Royal Industrial Park,Surat,Commercial,129457,410763000,454544000,188918000,97359000,63500000,104767000,876,876,0,Sunrise Constructions,Ongoing,2023-10-24,2026-03-18,2026-03-18,43781000,10.66,3511.16
P0990,Shree Heights,Vadodara,Industrial,36910,71044000,73380000,32157000,17420000,5227000,18576000,674,684,10,Urban Infra,Ongoing,2022-10-04,2024-08-08,2024-08-18,2336000,3.29,1988.08
P0991,Royal Heights,Rajkot,Infrastructure,131888,405744000,450625000,146303000,90880000,47252000,166190000,544,544,0,MetroBuild,Completed,2023-09-16,2025-03-13,2025-03-13,44881000,11.06,3416.72
P0992,Galaxy Business Park,Surat,Residential,60754,159774000,210990000,85788000,50274000,18555000,56373000,412,498,86,Apex Developers,Delayed,2023-05-31,2024-07-16,2024-10-10,51216000,32.06,3472.86
P0993,Silver Residency,Surat,Industrial,114847,235650000,263028000,86396000,69571000,26590000,80471000,304,319,15,Sunrise Constructions,Completed,2025-10-05,2026-08-05,2026-08-20,27378000,11.62,2290.25
P0994,Royal Enclave,Surat,Industrial,43467,83598000,95074000,41089000,17453000,9819000,26713000,673,715,42,Sunrise Constructions,Delayed,2024-04-22,2026-02-24,2026-04-07,11476000,13.73,2187.27
P0995,Galaxy Mall,Ahmedabad,Infrastructure,38893,115649000,116164000,38208000,21046000,15070000,41840000,550,550,0,Apex Developers,Ongoing,2026-01-09,2027-07-13,2027-07-13,515000,0.45,2986.76
P0996,Metro Industrial Park,Rajkot,Commercial,81329,263594000,225048000,104845000,42537000,17443000,60223000,723,843,120,Royal Infra,Ongoing,2022-12-16,2024-12-08,2025-04-07,-38546000,-14.62,2767.13
P0997,Crystal Industrial Park,Gandhinagar,Infrastructure,36007,110026000,90221000,39006000,22039000,10015000,19161000,436,451,15,Sunrise Constructions,Ongoing,2024-04-02,2025-06-12,2025-06-27,-19805000,-18.0,2505.65
P0998,Sunrise Mall,Vadodara,Industrial,59253,111298000,106597000,42765000,30117000,12273000,21442000,517,527,10,Royal Infra,Completed,2025-03-06,2026-08-05,2026-08-15,-4701000,-4.22,1799.01
P0999,Galaxy Complex,Ahmedabad,Industrial,17323,36648000,30051000,11739000,5427000,3292000,9593000,443,503,60,Sunrise Constructions,Ongoing,2024-01-29,2025-04-16,2025-06-15,-6597000,-18.0,1734.75
P1000,Skyline Industrial Park,Ahmedabad,Commercial,116335,411402000,444983000,151698000,130113000,57203000,105969000,684,750,66,Apex Developers,Delayed,2024-06-17,2026-05-02,2026-07-07,33581000,8.16,3825.01
